2026-09-11	Vizepräsidentin Andrea Lindholz		21/94	1	Tagesordnungspunkt 3 (Fortsetzung): a) Erste Beratung des von der Bundesregierung eingebra
2026-09-11	Vizepräsidentin Andrea Lindholz		21/94	5	Tagesordnungspunkt 3 (Fortsetzung): a) Erste Beratung des von der Bundesregierung eingebra
2026-09-11	Vizepräsidentin Andrea Lindholz		21/94	5	Tagesordnungspunkt 3 (Fortsetzung): a) Erste Beratung des von der Bundesregierung eingebra
2026-09-11	Cansin Köktürk	Die Linke	21/94	5	Tagesordnungspunkt 3 (Fortsetzung): a) Erste Beratung des von der Bundesregierung eingebra
2026-09-11	Vizepräsidentin Andrea Lindholz		21/94	6	Tagesordnungspunkt 3 (Fortsetzung): a) Erste Beratung des von der Bundesregierung eingebra
2026-09-11	Ulrike Schielke-Ziesing	AfD	21/94	6	Tagesordnungspunkt 3 (Fortsetzung): a) Erste Beratung des von der Bundesregierung eingebra
2026-09-11	Vizepräsidentin Andrea Lindholz		21/94	8	Tagesordnungspunkt 3 (Fortsetzung): a) Erste Beratung des von der Bundesregierung eingebra
2026-09-11	Marc Biadacz	CDU/CSU	21/94	9	Tagesordnungspunkt 3 (Fortsetzung): a) Erste Beratung des von der Bundesregierung eingebra
2026-09-11	Vizepräsidentin Andrea Lindholz		21/94	10	Tagesordnungspunkt 3 (Fortsetzung): a) Erste Beratung des von der Bundesregierung eingebra
2026-09-11	Leon Eckert	BÜNDNIS 90/DIE GRÜNEN	21/94	10	Tagesordnungspunkt 3 (Fortsetzung): a) Erste Beratung des von der Bundesregierung eingebra
2026-09-11	Vizepräsidentin Andrea Lindholz		21/94	12	Tagesordnungspunkt 3 (Fortsetzung): a) Erste Beratung des von der Bundesregierung eingebra
2026-09-11	Tamara Mazzi	Die Linke	21/94	12	Tagesordnungspunkt 3 (Fortsetzung): a) Erste Beratung des von der Bundesregierung eingebra
2026-09-11	Vizepräsidentin Andrea Lindholz		21/94	14	Tagesordnungspunkt 3 (Fortsetzung): a) Erste Beratung des von der Bundesregierung eingebra
2026-09-11	Kathrin Michel	SPD	21/94	14	Tagesordnungspunkt 3 (Fortsetzung): a) Erste Beratung des von der Bundesregierung eingebra
2026-09-11	Vizepräsidentin Andrea Lindholz		21/94	16	Tagesordnungspunkt 3 (Fortsetzung): a) Erste Beratung des von der Bundesregierung eingebra
2026-09-11	Gerrit Huy	AfD	21/94	16	Tagesordnungspunkt 3 (Fortsetzung): a) Erste Beratung des von der Bundesregierung eingebra
2026-09-11	Vizepräsidentin Andrea Lindholz		21/94	17	Tagesordnungspunkt 3 (Fortsetzung): a) Erste Beratung des von der Bundesregierung eingebra
2026-09-11	Peter Aumer	CDU/CSU	21/94	17	Tagesordnungspunkt 3 (Fortsetzung): a) Erste Beratung des von der Bundesregierung eingebra
2026-09-11	Vizepräsidentin Andrea Lindholz		21/94	19	Tagesordnungspunkt 3 (Fortsetzung): a) Erste Beratung des von der Bundesregierung eingebra
2026-09-11	Herr Kollege. Peter Aumer	CDU/CSU	21/94	19	Tagesordnungspunkt 3 (Fortsetzung): a) Erste Beratung des von der Bundesregierung eingebra
2026-09-11	Vizepräsidentin Andrea Lindholz		21/94	19	Tagesordnungspunkt 3 (Fortsetzung): a) Erste Beratung des von der Bundesregierung eingebra
2026-09-11	Peter Aumer	CDU/CSU	21/94	19	Tagesordnungspunkt 3 (Fortsetzung): a) Erste Beratung des von der Bundesregierung eingebra
2026-09-11	Vizepräsidentin Andrea Lindholz		21/94	19	Tagesordnungspunkt 3 (Fortsetzung): a) Erste Beratung des von der Bundesregierung eingebra
2026-09-11	Pascal Meiser	Die Linke	21/94	19	Tagesordnungspunkt 3 (Fortsetzung): a) Erste Beratung des von der Bundesregierung eingebra
2026-09-11	Peter Aumer	CDU/CSU	21/94	20	Tagesordnungspunkt 3 (Fortsetzung): a) Erste Beratung des von der Bundesregierung eingebra
2026-09-11	Vizepräsidentin Andrea Lindholz		21/94	20	Tagesordnungspunkt 3 (Fortsetzung): a) Erste Beratung des von der Bundesregierung eingebra
2026-09-11	Peter Aumer	CDU/CSU	21/94	20	Tagesordnungspunkt 3 (Fortsetzung): a) Erste Beratung des von der Bundesregierung eingebra
2026-09-11	Vizepräsidentin Andrea Lindholz		21/94	21	Tagesordnungspunkt 3 (Fortsetzung): a) Erste Beratung des von der Bundesregierung eingebra
2026-09-11	Dr. Armin Grau	BÜNDNIS 90/DIE GRÜNEN	21/94	21	Tagesordnungspunkt 3 (Fortsetzung): a) Erste Beratung des von der Bundesregierung eingebra
2026-09-11	Vizepräsidentin Andrea Lindholz		21/94	23	Tagesordnungspunkt 3 (Fortsetzung): a) Erste Beratung des von der Bundesregierung eingebra
2026-09-11	Sarah Vollath	Die Linke	21/94	23	Tagesordnungspunkt 3 (Fortsetzung): a) Erste Beratung des von der Bundesregierung eingebra
2026-09-11	Vizepräsidentin Andrea Lindholz		21/94	24	Tagesordnungspunkt 3 (Fortsetzung): a) Erste Beratung des von der Bundesregierung eingebra
2026-09-11	Annika Klose	SPD	21/94	24	Tagesordnungspunkt 3 (Fortsetzung): a) Erste Beratung des von der Bundesregierung eingebra
2026-09-11	Vizepräsidentin Andrea Lindholz		21/94	25	Tagesordnungspunkt 3 (Fortsetzung): a) Erste Beratung des von der Bundesregierung eingebra
2026-09-11	Frau Kollegin. Annika Klose	SPD	21/94	25	Tagesordnungspunkt 3 (Fortsetzung): a) Erste Beratung des von der Bundesregierung eingebra
2026-09-11	Vizepräsidentin Andrea Lindholz		21/94	25	Tagesordnungspunkt 3 (Fortsetzung): a) Erste Beratung des von der Bundesregierung eingebra
2026-09-11	Annika Klose	SPD	21/94	25	Tagesordnungspunkt 3 (Fortsetzung): a) Erste Beratung des von der Bundesregierung eingebra
2026-09-11	Vizepräsidentin Andrea Lindholz		21/94	25	Tagesordnungspunkt 3 (Fortsetzung): a) Erste Beratung des von der Bundesregierung eingebra
2026-09-11	Sarah Vollath	Die Linke	21/94	25	Tagesordnungspunkt 3 (Fortsetzung): a) Erste Beratung des von der Bundesregierung eingebra
2026-09-11	Annika Klose	SPD	21/94	26	Tagesordnungspunkt 3 (Fortsetzung): a) Erste Beratung des von der Bundesregierung eingebra
2026-09-11	Vizepräsidentin Andrea Lindholz		21/94	26	Tagesordnungspunkt 3 (Fortsetzung): a) Erste Beratung des von der Bundesregierung eingebra
2026-09-11	Annika Klose	SPD	21/94	26	Tagesordnungspunkt 3 (Fortsetzung): a) Erste Beratung des von der Bundesregierung eingebra
2026-09-11	Vizepräsidentin Andrea Lindholz		21/94	26	Tagesordnungspunkt 3 (Fortsetzung): a) Erste Beratung des von der Bundesregierung eingebra
2026-09-11	Jan Feser	AfD	21/94	26	Tagesordnungspunkt 3 (Fortsetzung): a) Erste Beratung des von der Bundesregierung eingebra
2026-09-11	Annika Klose	SPD	21/94	27	Tagesordnungspunkt 3 (Fortsetzung): a) Erste Beratung des von der Bundesregierung eingebra
2026-09-11	Vizepräsidentin Andrea Lindholz		21/94	28	Tagesordnungspunkt 3 (Fortsetzung): a) Erste Beratung des von der Bundesregierung eingebra
2026-09-11	Robert Teske	AfD	21/94	28	Tagesordnungspunkt 3 (Fortsetzung): a) Erste Beratung des von der Bundesregierung eingebra
2026-09-11	Vizepräsidentin Andrea Lindholz		21/94	29	Tagesordnungspunkt 3 (Fortsetzung): a) Erste Beratung des von der Bundesregierung eingebra
2026-09-11	Johannes Winkel	CDU/CSU	21/94	29	Tagesordnungspunkt 3 (Fortsetzung): a) Erste Beratung des von der Bundesregierung eingebra
2026-09-11	Vizepräsidentin Andrea Lindholz		21/94	31	Tagesordnungspunkt 3 (Fortsetzung): a) Erste Beratung des von der Bundesregierung eingebra
2026-09-11	Johannes Winkel	CDU/CSU	21/94	31	Tagesordnungspunkt 3 (Fortsetzung): a) Erste Beratung des von der Bundesregierung eingebra
2026-09-11	Vizepräsidentin Andrea Lindholz		21/94	31	Tagesordnungspunkt 3 (Fortsetzung): a) Erste Beratung des von der Bundesregierung eingebra
2026-09-11	Timon Dzienus	BÜNDNIS 90/DIE GRÜNEN	21/94	31	Tagesordnungspunkt 3 (Fortsetzung): a) Erste Beratung des von der Bundesregierung eingebra
2026-09-11	Vizepräsidentin Andrea Lindholz		21/94	32	Tagesordnungspunkt 3 (Fortsetzung): a) Erste Beratung des von der Bundesregierung eingebra
2026-09-11	Timon Dzienus	BÜNDNIS 90/DIE GRÜNEN	21/94	32	Tagesordnungspunkt 3 (Fortsetzung): a) Erste Beratung des von der Bundesregierung eingebra
2026-09-11	Vizepräsidentin Andrea Lindholz		21/94	32	Tagesordnungspunkt 3 (Fortsetzung): a) Erste Beratung des von der Bundesregierung eingebra
2026-09-11	Sandra Carstensen	CDU/CSU	21/94	33	Tagesordnungspunkt 3 (Fortsetzung): a) Erste Beratung des von der Bundesregierung eingebra
2026-09-11	Vizepräsidentin Andrea Lindholz		21/94	34	Tagesordnungspunkt 3 (Fortsetzung): a) Erste Beratung des von der Bundesregierung eingebra
2026-09-11	René Springer	AfD	21/94	34	Tagesordnungspunkt 3 (Fortsetzung): a) Erste Beratung des von der Bundesregierung eingebra
2026-09-11	Vizepräsidentin Andrea Lindholz		21/94	36	Tagesordnungspunkt 3 (Fortsetzung): a) Erste Beratung des von der Bundesregierung eingebra
2026-09-11	René Springer	AfD	21/94	37	Tagesordnungspunkt 3 (Fortsetzung): a) Erste Beratung des von der Bundesregierung eingebra
2026-09-11	Vizepräsidentin Andrea Lindholz		21/94	37	Tagesordnungspunkt 3 (Fortsetzung): a) Erste Beratung des von der Bundesregierung eingebra
2026-09-11	René Springer	AfD	21/94	37	Tagesordnungspunkt 3 (Fortsetzung): a) Erste Beratung des von der Bundesregierung eingebra
2026-09-11	Vizepräsidentin Andrea Lindholz		21/94	37	Tagesordnungspunkt 3 (Fortsetzung): a) Erste Beratung des von der Bundesregierung eingebra
2026-09-11	René Springer	AfD	21/94	37	Tagesordnungspunkt 3 (Fortsetzung): a) Erste Beratung des von der Bundesregierung eingebra
2026-09-11	Vizepräsidentin Andrea Lindholz		21/94	37	Tagesordnungspunkt 3 (Fortsetzung): a) Erste Beratung des von der Bundesregierung eingebra
2026-09-11	René Springer	AfD	21/94	37	Tagesordnungspunkt 3 (Fortsetzung): a) Erste Beratung des von der Bundesregierung eingebra
2026-09-11	Vizepräsidentin Andrea Lindholz		21/94	38	Tagesordnungspunkt 3 (Fortsetzung): a) Erste Beratung des von der Bundesregierung eingebra
2026-09-11	René Springer	AfD	21/94	38	Tagesordnungspunkt 3 (Fortsetzung): a) Erste Beratung des von der Bundesregierung eingebra
2026-09-11	Vizepräsidentin Andrea Lindholz		21/94	38	Tagesordnungspunkt 3 (Fortsetzung): a) Erste Beratung des von der Bundesregierung eingebra
2026-09-11	Dr. Yannick Bury	CDU/CSU	21/94	38	Tagesordnungspunkt 3 (Fortsetzung): a) Erste Beratung des von der Bundesregierung eingebra
2026-09-11	Vizepräsidentin Andrea Lindholz		21/94	40	Tagesordnungspunkt 3 (Fortsetzung): a) Erste Beratung des von der Bundesregierung eingebra
2026-09-11	Vizepräsidentin Andrea Lindholz		21/94	44	Tagesordnungspunkt 3 (Fortsetzung): a) Erste Beratung des von der Bundesregierung eingebra
2026-09-11	Sergej Minich	AfD	21/94	44	Tagesordnungspunkt 3 (Fortsetzung): a) Erste Beratung des von der Bundesregierung eingebra
2026-09-11	Vizepräsidentin Andrea Lindholz		21/94	46	Tagesordnungspunkt 3 (Fortsetzung): a) Erste Beratung des von der Bundesregierung eingebra
2026-09-11	Dr. Wiebke Esdar	SPD	21/94	46	Tagesordnungspunkt 3 (Fortsetzung): a) Erste Beratung des von der Bundesregierung eingebra
2026-09-11	Vizepräsident Omid Nouripour		21/94	48	Tagesordnungspunkt 3 (Fortsetzung): a) Erste Beratung des von der Bundesregierung eingebra
2026-09-11	Dr. Wiebke Esdar	SPD	21/94	48	Tagesordnungspunkt 3 (Fortsetzung): a) Erste Beratung des von der Bundesregierung eingebra
2026-09-11	Vizepräsident Omid Nouripour		21/94	48	Tagesordnungspunkt 3 (Fortsetzung): a) Erste Beratung des von der Bundesregierung eingebra
2026-09-11	Dr. Wiebke Esdar	SPD	21/94	48	Tagesordnungspunkt 3 (Fortsetzung): a) Erste Beratung des von der Bundesregierung eingebra
2026-09-11	Vizepräsident Omid Nouripour		21/94	48	Tagesordnungspunkt 3 (Fortsetzung): a) Erste Beratung des von der Bundesregierung eingebra
2026-09-11	Dr. Paula Piechotta	BÜNDNIS 90/DIE GRÜNEN	21/94	48	Tagesordnungspunkt 3 (Fortsetzung): a) Erste Beratung des von der Bundesregierung eingebra
2026-09-11	Vizepräsident Omid Nouripour		21/94	50	Tagesordnungspunkt 3 (Fortsetzung): a) Erste Beratung des von der Bundesregierung eingebra
2026-09-11	Isabelle Vandre	Die Linke	21/94	50	Tagesordnungspunkt 3 (Fortsetzung): a) Erste Beratung des von der Bundesregierung eingebra
2026-09-11	Vizepräsident Omid Nouripour		21/94	52	Tagesordnungspunkt 3 (Fortsetzung): a) Erste Beratung des von der Bundesregierung eingebra
2026-09-11	Vielen Dank. Isabelle Vandre	Die Linke	21/94	52	Tagesordnungspunkt 3 (Fortsetzung): a) Erste Beratung des von der Bundesregierung eingebra
2026-09-11	Vizepräsident Omid Nouripour		21/94	52	Tagesordnungspunkt 3 (Fortsetzung): a) Erste Beratung des von der Bundesregierung eingebra
2026-09-11	Dr. Inge Gräßle	CDU/CSU	21/94	52	Tagesordnungspunkt 3 (Fortsetzung): a) Erste Beratung des von der Bundesregierung eingebra
2026-09-11	Vizepräsident Omid Nouripour		21/94	53	Tagesordnungspunkt 3 (Fortsetzung): a) Erste Beratung des von der Bundesregierung eingebra
2026-09-11	Dr. Inge Gräßle	CDU/CSU	21/94	53	Tagesordnungspunkt 3 (Fortsetzung): a) Erste Beratung des von der Bundesregierung eingebra
2026-09-11	Vizepräsident Omid Nouripour		21/94	53	Tagesordnungspunkt 3 (Fortsetzung): a) Erste Beratung des von der Bundesregierung eingebra
2026-09-11	Dr. Inge Gräßle	CDU/CSU	21/94	53	Tagesordnungspunkt 3 (Fortsetzung): a) Erste Beratung des von der Bundesregierung eingebra
2026-09-11	Vizepräsident Omid Nouripour		21/94	54	Tagesordnungspunkt 3 (Fortsetzung): a) Erste Beratung des von der Bundesregierung eingebra
2026-09-11	Nicole Höchst	AfD	21/94	54	Tagesordnungspunkt 3 (Fortsetzung): a) Erste Beratung des von der Bundesregierung eingebra
2026-09-11	Vizepräsident Omid Nouripour		21/94	55	Tagesordnungspunkt 3 (Fortsetzung): a) Erste Beratung des von der Bundesregierung eingebra
2026-09-11	Ruppert Stüwe	SPD	21/94	55	Tagesordnungspunkt 3 (Fortsetzung): a) Erste Beratung des von der Bundesregierung eingebra
2026-09-11	Vizepräsident Omid Nouripour		21/94	57	Tagesordnungspunkt 3 (Fortsetzung): a) Erste Beratung des von der Bundesregierung eingebra
2026-09-11	Ayse Asar	BÜNDNIS 90/DIE GRÜNEN	21/94	57	Tagesordnungspunkt 3 (Fortsetzung): a) Erste Beratung des von der Bundesregierung eingebra
2026-09-11	Vizepräsident Omid Nouripour		21/94	59	Tagesordnungspunkt 3 (Fortsetzung): a) Erste Beratung des von der Bundesregierung eingebra
2026-09-11	Ayse Asar	BÜNDNIS 90/DIE GRÜNEN	21/94	59	Tagesordnungspunkt 3 (Fortsetzung): a) Erste Beratung des von der Bundesregierung eingebra
2026-09-11	Vizepräsident Omid Nouripour		21/94	59	Tagesordnungspunkt 3 (Fortsetzung): a) Erste Beratung des von der Bundesregierung eingebra
2026-09-11	Nicole Gohlke	Die Linke	21/94	59	Tagesordnungspunkt 3 (Fortsetzung): a) Erste Beratung des von der Bundesregierung eingebra
2026-09-11	Vizepräsident Omid Nouripour		21/94	60	Tagesordnungspunkt 3 (Fortsetzung): a) Erste Beratung des von der Bundesregierung eingebra
2026-09-11	Florian Müller	CDU/CSU	21/94	60	Tagesordnungspunkt 3 (Fortsetzung): a) Erste Beratung des von der Bundesregierung eingebra
2026-09-11	Vizepräsident Omid Nouripour		21/94	62	Tagesordnungspunkt 3 (Fortsetzung): a) Erste Beratung des von der Bundesregierung eingebra
2026-09-11	Stefan Schröder	AfD	21/94	62	Tagesordnungspunkt 3 (Fortsetzung): a) Erste Beratung des von der Bundesregierung eingebra
2026-09-11	Vizepräsident Omid Nouripour		21/94	64	Tagesordnungspunkt 3 (Fortsetzung): a) Erste Beratung des von der Bundesregierung eingebra
2026-09-11	Vielen Dank. Stefan Schröder	AfD	21/94	64	Tagesordnungspunkt 3 (Fortsetzung): a) Erste Beratung des von der Bundesregierung eingebra
2026-09-11	Vizepräsident Omid Nouripour		21/94	64	Tagesordnungspunkt 3 (Fortsetzung): a) Erste Beratung des von der Bundesregierung eingebra
2026-09-11	Holger Mann	SPD	21/94	64	Tagesordnungspunkt 3 (Fortsetzung): a) Erste Beratung des von der Bundesregierung eingebra
2026-09-11	Vizepräsident Omid Nouripour		21/94	65	Tagesordnungspunkt 3 (Fortsetzung): a) Erste Beratung des von der Bundesregierung eingebra
2026-09-11	Holger Mann	SPD	21/94	65	Tagesordnungspunkt 3 (Fortsetzung): a) Erste Beratung des von der Bundesregierung eingebra
2026-09-11	Vizepräsident Omid Nouripour		21/94	65	Tagesordnungspunkt 3 (Fortsetzung): a) Erste Beratung des von der Bundesregierung eingebra
2026-09-11	Vielen Dank. Holger Mann	SPD	21/94	65	Tagesordnungspunkt 3 (Fortsetzung): a) Erste Beratung des von der Bundesregierung eingebra
2026-09-11	Vizepräsident Omid Nouripour		21/94	65	Tagesordnungspunkt 3 (Fortsetzung): a) Erste Beratung des von der Bundesregierung eingebra
2026-09-11	Holger Mann	SPD	21/94	65	Tagesordnungspunkt 3 (Fortsetzung): a) Erste Beratung des von der Bundesregierung eingebra
2026-09-11	Vizepräsident Omid Nouripour		21/94	65	Tagesordnungspunkt 3 (Fortsetzung): a) Erste Beratung des von der Bundesregierung eingebra
2026-09-11	Holger Mann	SPD	21/94	65	Tagesordnungspunkt 3 (Fortsetzung): a) Erste Beratung des von der Bundesregierung eingebra
2026-09-11	Vizepräsident Omid Nouripour		21/94	65	Tagesordnungspunkt 3 (Fortsetzung): a) Erste Beratung des von der Bundesregierung eingebra
2026-09-11	Dr. Andrea Lübcke	BÜNDNIS 90/DIE GRÜNEN	21/94	65	Tagesordnungspunkt 3 (Fortsetzung): a) Erste Beratung des von der Bundesregierung eingebra
2026-09-11	Vizepräsident Omid Nouripour		21/94	67	Tagesordnungspunkt 3 (Fortsetzung): a) Erste Beratung des von der Bundesregierung eingebra
2026-09-11	Sonja Lemke	Die Linke	21/94	67	Tagesordnungspunkt 3 (Fortsetzung): a) Erste Beratung des von der Bundesregierung eingebra
2026-09-11	Vizepräsident Omid Nouripour		21/94	68	Tagesordnungspunkt 3 (Fortsetzung): a) Erste Beratung des von der Bundesregierung eingebra
2026-09-11	Stephan Albani	CDU/CSU	21/94	68	Tagesordnungspunkt 3 (Fortsetzung): a) Erste Beratung des von der Bundesregierung eingebra
2026-09-11	Vizepräsident Omid Nouripour		21/94	69	Tagesordnungspunkt 3 (Fortsetzung): a) Erste Beratung des von der Bundesregierung eingebra
2026-09-11	Dr. Christoph Birghan	AfD	21/94	69	Tagesordnungspunkt 3 (Fortsetzung): a) Erste Beratung des von der Bundesregierung eingebra
2026-09-11	Vizepräsident Omid Nouripour		21/94	71	Tagesordnungspunkt 3 (Fortsetzung): a) Erste Beratung des von der Bundesregierung eingebra
2026-09-11	Maja Wallstein	SPD	21/94	71	Tagesordnungspunkt 3 (Fortsetzung): a) Erste Beratung des von der Bundesregierung eingebra
2026-09-11	Vizepräsident Omid Nouripour		21/94	73	Tagesordnungspunkt 3 (Fortsetzung): a) Erste Beratung des von der Bundesregierung eingebra
2026-09-11	Maja Wallstein	SPD	21/94	73	Tagesordnungspunkt 3 (Fortsetzung): a) Erste Beratung des von der Bundesregierung eingebra
2026-09-11	Vizepräsident Omid Nouripour		21/94	73	Tagesordnungspunkt 3 (Fortsetzung): a) Erste Beratung des von der Bundesregierung eingebra
2026-09-11	Maja Wallstein	SPD	21/94	73	Tagesordnungspunkt 3 (Fortsetzung): a) Erste Beratung des von der Bundesregierung eingebra
2026-09-11	Vizepräsident Omid Nouripour		21/94	73	Tagesordnungspunkt 3 (Fortsetzung): a) Erste Beratung des von der Bundesregierung eingebra
2026-09-11	Adam Balten	AfD	21/94	73	Tagesordnungspunkt 3 (Fortsetzung): a) Erste Beratung des von der Bundesregierung eingebra
2026-09-11	Vizepräsident Omid Nouripour		21/94	74	Tagesordnungspunkt 3 (Fortsetzung): a) Erste Beratung des von der Bundesregierung eingebra
2026-09-11	Carsten Körber	CDU/CSU	21/94	74	Tagesordnungspunkt 3 (Fortsetzung): a) Erste Beratung des von der Bundesregierung eingebra
2026-09-11	Vizepräsident Omid Nouripour		21/94	75	Tagesordnungspunkt 3 (Fortsetzung): a) Erste Beratung des von der Bundesregierung eingebra
2026-09-11	Carsten Körber	CDU/CSU	21/94	75	Tagesordnungspunkt 3 (Fortsetzung): a) Erste Beratung des von der Bundesregierung eingebra
2026-09-11	Carsten Körber	CDU/CSU	21/94	75	Tagesordnungspunkt 3 (Fortsetzung): a) Erste Beratung des von der Bundesregierung eingebra
2026-09-11	Carsten Körber	CDU/CSU	21/94	75	Tagesordnungspunkt 3 (Fortsetzung): a) Erste Beratung des von der Bundesregierung eingebra
2026-09-11	Vizepräsident Omid Nouripour		21/94	77	Tagesordnungspunkt 3 (Fortsetzung): a) Erste Beratung des von der Bundesregierung eingebra
2026-09-11	Dr. Thorsten Rudolph	SPD	21/94	77	Tagesordnungspunkt 3 (Fortsetzung): a) Erste Beratung des von der Bundesregierung eingebra
2026-09-11	Vizepräsident Omid Nouripour		21/94	79	Tagesordnungspunkt 3 (Fortsetzung): a) Erste Beratung des von der Bundesregierung eingebra
2026-09-11	Dr. Michael Espendiller	AfD	21/94	79	Tagesordnungspunkt 3 (Fortsetzung): a) Erste Beratung des von der Bundesregierung eingebra
2026-09-11	Vizepräsident Omid Nouripour		21/94	81	Tagesordnungspunkt 3 (Fortsetzung): a) Erste Beratung des von der Bundesregierung eingebra
2026-09-11	Dr. Yannick Bury	CDU/CSU	21/94	81	Tagesordnungspunkt 3 (Fortsetzung): a) Erste Beratung des von der Bundesregierung eingebra
2026-09-11	Vizepräsident Omid Nouripour		21/94	84	Tagesordnungspunkt 3 (Fortsetzung): a) Erste Beratung des von der Bundesregierung eingebra
2026-09-11	Katrin Uhlig	BÜNDNIS 90/DIE GRÜNEN	21/94	84	Tagesordnungspunkt 3 (Fortsetzung): a) Erste Beratung des von der Bundesregierung eingebra
2026-09-11	Vizepräsident Omid Nouripour		21/94	85	Tagesordnungspunkt 3 (Fortsetzung): a) Erste Beratung des von der Bundesregierung eingebra
2026-09-11	Dr. Dietmar Bartsch	Die Linke	21/94	85	Tagesordnungspunkt 3 (Fortsetzung): a) Erste Beratung des von der Bundesregierung eingebra
2026-09-11	Vizepräsident Omid Nouripour		21/94	87	Tagesordnungspunkt 3 (Fortsetzung): a) Erste Beratung des von der Bundesregierung eingebra
2026-09-11	Dr. Dietmar Bartsch	Die Linke	21/94	87	Tagesordnungspunkt 3 (Fortsetzung): a) Erste Beratung des von der Bundesregierung eingebra
2026-09-11	Vizepräsident Omid Nouripour		21/94	87	Tagesordnungspunkt 3 (Fortsetzung): a) Erste Beratung des von der Bundesregierung eingebra
2026-09-11	Dr. Dietmar Bartsch	Die Linke	21/94	87	Tagesordnungspunkt 3 (Fortsetzung): a) Erste Beratung des von der Bundesregierung eingebra
2026-09-11	Vizepräsident Omid Nouripour		21/94	87	Tagesordnungspunkt 3 (Fortsetzung): a) Erste Beratung des von der Bundesregierung eingebra
2026-09-11	Dr. Dietmar Bartsch	Die Linke	21/94	87	Tagesordnungspunkt 3 (Fortsetzung): a) Erste Beratung des von der Bundesregierung eingebra
2026-09-11	Vizepräsident Omid Nouripour		21/94	87	Tagesordnungspunkt 3 (Fortsetzung): a) Erste Beratung des von der Bundesregierung eingebra
2026-09-11	Vizepräsident Bodo Ramelow		21/94	89	Tagesordnungspunkt 3 (Fortsetzung): a) Erste Beratung des von der Bundesregierung eingebra
2026-09-11	Kay Gottschalk	AfD	21/94	89	Tagesordnungspunkt 3 (Fortsetzung): a) Erste Beratung des von der Bundesregierung eingebra
2026-09-11	Vizepräsident Bodo Ramelow		21/94	91	Tagesordnungspunkt 3 (Fortsetzung): a) Erste Beratung des von der Bundesregierung eingebra
2026-09-11	Fritz Güntzler	CDU/CSU	21/94	91	Tagesordnungspunkt 3 (Fortsetzung): a) Erste Beratung des von der Bundesregierung eingebra
2026-09-11	Vizepräsident Bodo Ramelow		21/94	94	Tagesordnungspunkt 3 (Fortsetzung): a) Erste Beratung des von der Bundesregierung eingebra
2026-09-11	Dr. Paula Piechotta	BÜNDNIS 90/DIE GRÜNEN	21/94	94	Tagesordnungspunkt 3 (Fortsetzung): a) Erste Beratung des von der Bundesregierung eingebra
2026-09-11	Vizepräsident Bodo Ramelow		21/94	96	Tagesordnungspunkt 3 (Fortsetzung): a) Erste Beratung des von der Bundesregierung eingebra
2026-09-11	Tamara Mazzi	Die Linke	21/94	96	Tagesordnungspunkt 3 (Fortsetzung): a) Erste Beratung des von der Bundesregierung eingebra
2026-09-11	Vizepräsident Bodo Ramelow		21/94	98	Tagesordnungspunkt 3 (Fortsetzung): a) Erste Beratung des von der Bundesregierung eingebra
2026-09-11	Svenja Stadler	SPD	21/94	98	Tagesordnungspunkt 3 (Fortsetzung): a) Erste Beratung des von der Bundesregierung eingebra
2026-09-11	Vizepräsident Bodo Ramelow		21/94	99	Tagesordnungspunkt 3 (Fortsetzung): a) Erste Beratung des von der Bundesregierung eingebra
2026-09-11	Peter Boehringer	AfD	21/94	99	Tagesordnungspunkt 3 (Fortsetzung): a) Erste Beratung des von der Bundesregierung eingebra
2026-09-11	Vizepräsident Bodo Ramelow		21/94	101	Tagesordnungspunkt 3 (Fortsetzung): a) Erste Beratung des von der Bundesregierung eingebra
2026-09-11	Mechthilde Wittmann	CDU/CSU	21/94	101	Tagesordnungspunkt 3 (Fortsetzung): a) Erste Beratung des von der Bundesregierung eingebra
2026-09-11	Vizepräsident Bodo Ramelow		21/94	103	Tagesordnungspunkt 3 (Fortsetzung): a) Erste Beratung des von der Bundesregierung eingebra
2026-09-11	Mechthilde Wittmann	CDU/CSU	21/94	103	Tagesordnungspunkt 3 (Fortsetzung): a) Erste Beratung des von der Bundesregierung eingebra
2026-09-11	Dr. Sebastian Schäfer	BÜNDNIS 90/DIE GRÜNEN	21/94	103	Tagesordnungspunkt 3 (Fortsetzung): a) Erste Beratung des von der Bundesregierung eingebra
2026-09-11	Mechthilde Wittmann	CDU/CSU	21/94	103	Tagesordnungspunkt 3 (Fortsetzung): a) Erste Beratung des von der Bundesregierung eingebra
2026-09-11	Vizepräsident Bodo Ramelow		21/94	104	Tagesordnungspunkt 3 (Fortsetzung): a) Erste Beratung des von der Bundesregierung eingebra
2026-09-11	Leon Eckert	BÜNDNIS 90/DIE GRÜNEN	21/94	104	Tagesordnungspunkt 3 (Fortsetzung): a) Erste Beratung des von der Bundesregierung eingebra
2026-09-11	Vizepräsident Bodo Ramelow		21/94	105	Tagesordnungspunkt 3 (Fortsetzung): a) Erste Beratung des von der Bundesregierung eingebra
2026-09-11	Martin Gerster	SPD	21/94	105	Tagesordnungspunkt 3 (Fortsetzung): a) Erste Beratung des von der Bundesregierung eingebra
2026-09-11	Vizepräsident Bodo Ramelow		21/94	107	Tagesordnungspunkt 3 (Fortsetzung): a) Erste Beratung des von der Bundesregierung eingebra
2026-09-11	Stephan Brandner	AfD	21/94	107	Tagesordnungspunkt 3 (Fortsetzung): a) Erste Beratung des von der Bundesregierung eingebra
2026-09-11	Vizepräsident Bodo Ramelow		21/94	109	Tagesordnungspunkt 3 (Fortsetzung): a) Erste Beratung des von der Bundesregierung eingebra
2026-09-11	Lukas Krieger	CDU/CSU	21/94	109	Tagesordnungspunkt 3 (Fortsetzung): a) Erste Beratung des von der Bundesregierung eingebra
2026-09-11	Vizepräsident Bodo Ramelow		21/94	110	Tagesordnungspunkt 3 (Fortsetzung): a) Erste Beratung des von der Bundesregierung eingebra
2026-09-11	Lukas Krieger	CDU/CSU	21/94	110	Tagesordnungspunkt 3 (Fortsetzung): a) Erste Beratung des von der Bundesregierung eingebra
2026-09-11	Vizepräsident Bodo Ramelow		21/94	111	Tagesordnungspunkt 3 (Fortsetzung): a) Erste Beratung des von der Bundesregierung eingebra
2026-09-11	Philip M. A. Hoffmann	CDU/CSU	21/94	111	Tagesordnungspunkt 3 (Fortsetzung): a) Erste Beratung des von der Bundesregierung eingebra
2026-09-11	Vizepräsident Bodo Ramelow		21/94	112	Tagesordnungspunkt 3 (Fortsetzung): a) Erste Beratung des von der Bundesregierung eingebra
2026-09-11	Philip M. A. Hoffmann	CDU/CSU	21/94	112	Tagesordnungspunkt 3 (Fortsetzung): a) Erste Beratung des von der Bundesregierung eingebra
2026-09-11	Vizepräsident Bodo Ramelow		21/94	113	Tagesordnungspunkt 3 (Fortsetzung): a) Erste Beratung des von der Bundesregierung eingebra
2026-09-10	Präsidentin Julia Klöckner		21/93	3	Tagesordnungspunkt 3 (Fortsetzung): Einzelplan 15
2026-09-10	Präsidentin Julia Klöckner		21/93	9	Tagesordnungspunkt 3 (Fortsetzung): Einzelplan 15
2026-09-10	Dr. Gottfried Curio	AfD	21/93	9	Tagesordnungspunkt 3 (Fortsetzung): Einzelplan 15
2026-09-10	Präsidentin Julia Klöckner		21/93	11	Tagesordnungspunkt 3 (Fortsetzung): Einzelplan 15
2026-09-10	Martin Gerster	SPD	21/93	11	Tagesordnungspunkt 3 (Fortsetzung): Einzelplan 15
2026-09-10	Präsidentin Julia Klöckner		21/93	12	Tagesordnungspunkt 3 (Fortsetzung): Einzelplan 15
2026-09-10	Leon Eckert	BÜNDNIS 90/DIE GRÜNEN	21/93	12	Tagesordnungspunkt 3 (Fortsetzung): Einzelplan 15
2026-09-10	Präsidentin Julia Klöckner		21/93	14	Tagesordnungspunkt 3 (Fortsetzung): Einzelplan 15
2026-09-10	Dr. Dietmar Bartsch	Die Linke	21/93	14	Tagesordnungspunkt 3 (Fortsetzung): Einzelplan 15
2026-09-10	Präsidentin Julia Klöckner		21/93	16	Tagesordnungspunkt 3 (Fortsetzung): Einzelplan 15
2026-09-10	Dr. Dietmar Bartsch	Die Linke	21/93	16	Tagesordnungspunkt 3 (Fortsetzung): Einzelplan 15
2026-09-10	Präsidentin Julia Klöckner		21/93	16	Tagesordnungspunkt 3 (Fortsetzung): Einzelplan 15
2026-09-10	Alexander Throm	CDU/CSU	21/93	16	Tagesordnungspunkt 3 (Fortsetzung): Einzelplan 15
2026-09-10	Präsidentin Julia Klöckner		21/93	18	Tagesordnungspunkt 3 (Fortsetzung): Einzelplan 15
2026-09-10	Ihre Zeit. Alexander Throm	CDU/CSU	21/93	18	Tagesordnungspunkt 3 (Fortsetzung): Einzelplan 15
2026-09-10	Präsidentin Julia Klöckner		21/93	18	Tagesordnungspunkt 3 (Fortsetzung): Einzelplan 15
2026-09-10	Alexander Throm	CDU/CSU	21/93	18	Tagesordnungspunkt 3 (Fortsetzung): Einzelplan 15
2026-09-10	Präsidentin Julia Klöckner		21/93	19	Tagesordnungspunkt 3 (Fortsetzung): Einzelplan 15
2026-09-10	Marcus Bühl	AfD	21/93	19	Tagesordnungspunkt 3 (Fortsetzung): Einzelplan 15
2026-09-10	Präsidentin Julia Klöckner		21/93	20	Tagesordnungspunkt 3 (Fortsetzung): Einzelplan 15
2026-09-10	Sonja Eichwede	SPD	21/93	20	Tagesordnungspunkt 3 (Fortsetzung): Einzelplan 15
2026-09-10	Präsidentin Julia Klöckner		21/93	22	Tagesordnungspunkt 3 (Fortsetzung): Einzelplan 15
2026-09-10	Sonja Eichwede	SPD	21/93	22	Tagesordnungspunkt 3 (Fortsetzung): Einzelplan 15
2026-09-10	Präsidentin Julia Klöckner		21/93	22	Tagesordnungspunkt 3 (Fortsetzung): Einzelplan 15
2026-09-10	Bitte. Leon Eckert	BÜNDNIS 90/DIE GRÜNEN	21/93	22	Tagesordnungspunkt 3 (Fortsetzung): Einzelplan 15
2026-09-10	Sonja Eichwede	SPD	21/93	22	Tagesordnungspunkt 3 (Fortsetzung): Einzelplan 15
2026-09-10	Präsidentin Julia Klöckner		21/93	22	Tagesordnungspunkt 3 (Fortsetzung): Einzelplan 15
2026-09-10	Marcel Emmerich	BÜNDNIS 90/DIE GRÜNEN	21/93	22	Tagesordnungspunkt 3 (Fortsetzung): Einzelplan 15
2026-09-10	Präsidentin Julia Klöckner		21/93	24	Tagesordnungspunkt 3 (Fortsetzung): Einzelplan 15
2026-09-10	Ihre Zeit. Marcel Emmerich	BÜNDNIS 90/DIE GRÜNEN	21/93	24	Tagesordnungspunkt 3 (Fortsetzung): Einzelplan 15
2026-09-10	Präsidentin Julia Klöckner		21/93	24	Tagesordnungspunkt 3 (Fortsetzung): Einzelplan 15
2026-09-10	Clara Bünger	Die Linke	21/93	24	Tagesordnungspunkt 3 (Fortsetzung): Einzelplan 15
2026-09-10	Präsidentin Julia Klöckner		21/93	25	Tagesordnungspunkt 3 (Fortsetzung): Einzelplan 15
2026-09-10	Sebastian Schmidt	CDU/CSU	21/93	25	Tagesordnungspunkt 3 (Fortsetzung): Einzelplan 15
2026-09-10	Präsidentin Julia Klöckner		21/93	27	Tagesordnungspunkt 3 (Fortsetzung): Einzelplan 15
2026-09-10	Sebastian Schmidt	CDU/CSU	21/93	27	Tagesordnungspunkt 3 (Fortsetzung): Einzelplan 15
2026-09-10	Präsidentin Julia Klöckner		21/93	27	Tagesordnungspunkt 3 (Fortsetzung): Einzelplan 15
2026-09-10	Sebastian Schmidt	CDU/CSU	21/93	27	Tagesordnungspunkt 3 (Fortsetzung): Einzelplan 15
2026-09-10	Präsidentin Julia Klöckner		21/93	27	Tagesordnungspunkt 3 (Fortsetzung): Einzelplan 15
2026-09-10	Leon Eckert	BÜNDNIS 90/DIE GRÜNEN	21/93	27	Tagesordnungspunkt 3 (Fortsetzung): Einzelplan 15
2026-09-10	Sebastian Schmidt	CDU/CSU	21/93	27	Tagesordnungspunkt 3 (Fortsetzung): Einzelplan 15
2026-09-10	Präsidentin Julia Klöckner		21/93	28	Tagesordnungspunkt 3 (Fortsetzung): Einzelplan 15
2026-09-10	Dr. Christian Wirth	AfD	21/93	28	Tagesordnungspunkt 3 (Fortsetzung): Einzelplan 15
2026-09-10	Präsidentin Julia Klöckner		21/93	30	Tagesordnungspunkt 3 (Fortsetzung): Einzelplan 15
2026-09-10	Helge Lindh	SPD	21/93	30	Tagesordnungspunkt 3 (Fortsetzung): Einzelplan 15
2026-09-10	Präsidentin Julia Klöckner		21/93	31	Tagesordnungspunkt 3 (Fortsetzung): Einzelplan 15
2026-09-10	Ihre Zeit. Helge Lindh	SPD	21/93	31	Tagesordnungspunkt 3 (Fortsetzung): Einzelplan 15
2026-09-10	Präsidentin Julia Klöckner		21/93	31	Tagesordnungspunkt 3 (Fortsetzung): Einzelplan 15
2026-09-10	Helge Lindh	SPD	21/93	31	Tagesordnungspunkt 3 (Fortsetzung): Einzelplan 15
2026-09-10	Präsidentin Julia Klöckner		21/93	31	Tagesordnungspunkt 3 (Fortsetzung): Einzelplan 15
2026-09-10	Lamya Kaddor	BÜNDNIS 90/DIE GRÜNEN	21/93	31	Tagesordnungspunkt 3 (Fortsetzung): Einzelplan 15
2026-09-10	Präsidentin Julia Klöckner		21/93	32	Tagesordnungspunkt 3 (Fortsetzung): Einzelplan 15
2026-09-10	Klaus-Peter Willsch	CDU/CSU	21/93	32	Tagesordnungspunkt 3 (Fortsetzung): Einzelplan 15
2026-09-10	Präsidentin Julia Klöckner		21/93	35	Tagesordnungspunkt 3 (Fortsetzung): Einzelplan 15
2026-09-10	Ihre Zeit. Klaus-Peter Willsch	CDU/CSU	21/93	35	Tagesordnungspunkt 3 (Fortsetzung): Einzelplan 15
2026-09-10	Präsidentin Julia Klöckner		21/93	35	Tagesordnungspunkt 3 (Fortsetzung): Einzelplan 15
2026-09-10	Klaus-Peter Willsch	CDU/CSU	21/93	35	Tagesordnungspunkt 3 (Fortsetzung): Einzelplan 15
2026-09-10	Präsidentin Julia Klöckner		21/93	35	Tagesordnungspunkt 3 (Fortsetzung): Einzelplan 15
2026-09-10	Genau. Klaus-Peter Willsch	CDU/CSU	21/93	35	Tagesordnungspunkt 3 (Fortsetzung): Einzelplan 15
2026-09-10	Präsidentin Julia Klöckner		21/93	35	Tagesordnungspunkt 3 (Fortsetzung): Einzelplan 15
2026-09-10	Klaus-Peter Willsch	CDU/CSU	21/93	35	Tagesordnungspunkt 3 (Fortsetzung): Einzelplan 15
2026-09-10	Präsidentin Julia Klöckner		21/93	35	Tagesordnungspunkt 3 (Fortsetzung): Einzelplan 15
2026-09-10	Christopher Drößler	AfD	21/93	35	Tagesordnungspunkt 3 (Fortsetzung): Einzelplan 15
2026-09-10	Präsidentin Julia Klöckner		21/93	37	Tagesordnungspunkt 3 (Fortsetzung): Einzelplan 15
2026-09-10	Hakan Demir	SPD	21/93	37	Tagesordnungspunkt 3 (Fortsetzung): Einzelplan 15
2026-09-10	Präsidentin Julia Klöckner		21/93	38	Tagesordnungspunkt 3 (Fortsetzung): Einzelplan 15
2026-09-10	Stefan Seidler	fraktionslos	21/93	38	Tagesordnungspunkt 3 (Fortsetzung): Einzelplan 15
2026-09-10	Präsidentin Julia Klöckner		21/93	39	Tagesordnungspunkt 3 (Fortsetzung): Einzelplan 15
2026-09-10	Markus Matzerath	AfD	21/93	39	Tagesordnungspunkt 3 (Fortsetzung): Einzelplan 15
2026-09-10	Präsidentin Julia Klöckner		21/93	40	Tagesordnungspunkt 3 (Fortsetzung): Einzelplan 15
2026-09-10	Vizepräsidentin Andrea Lindholz		21/93	42	Tagesordnungspunkt 3 (Fortsetzung): Einzelplan 15
2026-09-10	Vizepräsidentin Andrea Lindholz		21/93	42	Tagesordnungspunkt 3 (Fortsetzung): Einzelplan 15
2026-09-10	Vizepräsidentin Andrea Lindholz		21/93	43	Tagesordnungspunkt 3 (Fortsetzung): Einzelplan 15
2026-09-10	Mirco Hanker	AfD	21/93	43	Tagesordnungspunkt 3 (Fortsetzung): Einzelplan 15
2026-09-10	Vizepräsidentin Andrea Lindholz		21/93	43	Tagesordnungspunkt 3 (Fortsetzung): Einzelplan 15
2026-09-10	Mirco Hanker	AfD	21/93	44	Tagesordnungspunkt 3 (Fortsetzung): Einzelplan 15
2026-09-10	Vizepräsidentin Andrea Lindholz		21/93	46	Tagesordnungspunkt 3 (Fortsetzung): Einzelplan 15
2026-09-10	Susanne Hierl	CDU/CSU	21/93	46	Tagesordnungspunkt 3 (Fortsetzung): Einzelplan 15
2026-09-10	Vizepräsidentin Andrea Lindholz		21/93	48	Tagesordnungspunkt 3 (Fortsetzung): Einzelplan 15
2026-09-10	Julia Schneider	BÜNDNIS 90/DIE GRÜNEN	21/93	48	Tagesordnungspunkt 3 (Fortsetzung): Einzelplan 15
2026-09-10	Vizepräsidentin Andrea Lindholz		21/93	50	Tagesordnungspunkt 3 (Fortsetzung): Einzelplan 15
2026-09-10	Dr. Dietmar Bartsch	Die Linke	21/93	50	Tagesordnungspunkt 3 (Fortsetzung): Einzelplan 15
2026-09-10	Vizepräsidentin Andrea Lindholz		21/93	52	Tagesordnungspunkt 3 (Fortsetzung): Einzelplan 15
2026-09-10	Esther Dilcher	SPD	21/93	52	Tagesordnungspunkt 3 (Fortsetzung): Einzelplan 15
2026-09-10	Vizepräsidentin Andrea Lindholz		21/93	54	Tagesordnungspunkt 3 (Fortsetzung): Einzelplan 15
2026-09-10	Fabian Jacobi	AfD	21/93	54	Tagesordnungspunkt 3 (Fortsetzung): Einzelplan 15
2026-09-10	Vizepräsidentin Andrea Lindholz		21/93	55	Tagesordnungspunkt 3 (Fortsetzung): Einzelplan 15
2026-09-10	Fabian Jacobi	AfD	21/93	55	Tagesordnungspunkt 3 (Fortsetzung): Einzelplan 15
2026-09-10	Vizepräsidentin Andrea Lindholz		21/93	55	Tagesordnungspunkt 3 (Fortsetzung): Einzelplan 15
2026-09-10	Sebastian Steineke	CDU/CSU	21/93	55	Tagesordnungspunkt 3 (Fortsetzung): Einzelplan 15
2026-09-10	Vizepräsidentin Andrea Lindholz		21/93	57	Tagesordnungspunkt 3 (Fortsetzung): Einzelplan 15
2026-09-10	Dr. Lena Gumnior	BÜNDNIS 90/DIE GRÜNEN	21/93	57	Tagesordnungspunkt 3 (Fortsetzung): Einzelplan 15
2026-09-10	Vizepräsidentin Andrea Lindholz		21/93	59	Tagesordnungspunkt 3 (Fortsetzung): Einzelplan 15
2026-09-10	Christin Willnat	Die Linke	21/93	59	Tagesordnungspunkt 3 (Fortsetzung): Einzelplan 15
2026-09-10	Vizepräsidentin Andrea Lindholz		21/93	60	Tagesordnungspunkt 3 (Fortsetzung): Einzelplan 15
2026-09-10	Carmen Wegge	SPD	21/93	60	Tagesordnungspunkt 3 (Fortsetzung): Einzelplan 15
2026-09-10	Vizepräsidentin Andrea Lindholz		21/93	62	Tagesordnungspunkt 3 (Fortsetzung): Einzelplan 15
2026-09-10	Frau Kollegin. Carmen Wegge	SPD	21/93	62	Tagesordnungspunkt 3 (Fortsetzung): Einzelplan 15
2026-09-10	Vizepräsidentin Andrea Lindholz		21/93	62	Tagesordnungspunkt 3 (Fortsetzung): Einzelplan 15
2026-09-10	Thomas Fetsch	AfD	21/93	63	Tagesordnungspunkt 3 (Fortsetzung): Einzelplan 15
2026-09-10	Vizepräsidentin Andrea Lindholz		21/93	64	Tagesordnungspunkt 3 (Fortsetzung): Einzelplan 15
2026-09-10	Tijen Ataoğlu	CDU/CSU	21/93	64	Tagesordnungspunkt 3 (Fortsetzung): Einzelplan 15
2026-09-10	Vizepräsidentin Andrea Lindholz		21/93	67	Tagesordnungspunkt 3 (Fortsetzung): Einzelplan 15
2026-09-10	Helge Limburg	BÜNDNIS 90/DIE GRÜNEN	21/93	67	Tagesordnungspunkt 3 (Fortsetzung): Einzelplan 15
2026-09-10	Vizepräsidentin Andrea Lindholz		21/93	68	Tagesordnungspunkt 3 (Fortsetzung): Einzelplan 15
2026-09-10	Axel Müller	CDU/CSU	21/93	68	Tagesordnungspunkt 3 (Fortsetzung): Einzelplan 15
2026-09-10	Vizepräsidentin Andrea Lindholz		21/93	70	Tagesordnungspunkt 3 (Fortsetzung): Einzelplan 15
2026-09-10	Axel Müller	CDU/CSU	21/93	70	Tagesordnungspunkt 3 (Fortsetzung): Einzelplan 15
2026-09-10	Vizepräsidentin Andrea Lindholz		21/93	70	Tagesordnungspunkt 3 (Fortsetzung): Einzelplan 15
2026-09-10	Stephan Brandner	AfD	21/93	70	Tagesordnungspunkt 3 (Fortsetzung): Einzelplan 15
2026-09-10	Vizepräsidentin Andrea Lindholz		21/93	71	Tagesordnungspunkt 3 (Fortsetzung): Einzelplan 15
2026-09-10	Stephan Brandner	AfD	21/93	71	Tagesordnungspunkt 3 (Fortsetzung): Einzelplan 15
2026-09-10	Vizepräsidentin Andrea Lindholz		21/93	71	Tagesordnungspunkt 3 (Fortsetzung): Einzelplan 15
2026-09-10	Uwe Feiler	CDU/CSU	21/93	72	Tagesordnungspunkt 3 (Fortsetzung): Einzelplan 15
2026-09-10	Vizepräsidentin Andrea Lindholz		21/93	74	Tagesordnungspunkt 3 (Fortsetzung): Einzelplan 15
2026-09-10	Thomas Ladzinski	AfD	21/93	74	Tagesordnungspunkt 3 (Fortsetzung): Einzelplan 15
2026-09-10	Vizepräsidentin Andrea Lindholz		21/93	75	Tagesordnungspunkt 3 (Fortsetzung): Einzelplan 15
2026-09-10	Vizepräsidentin Andrea Lindholz		21/93	78	Tagesordnungspunkt 3 (Fortsetzung): Einzelplan 15
2026-09-10	Julian Schmidt	AfD	21/93	79	Tagesordnungspunkt 3 (Fortsetzung): Einzelplan 15
2026-09-10	Vizepräsidentin Andrea Lindholz		21/93	80	Tagesordnungspunkt 3 (Fortsetzung): Einzelplan 15
2026-09-10	Esther Dilcher	SPD	21/93	81	Tagesordnungspunkt 3 (Fortsetzung): Einzelplan 15
2026-09-10	Vizepräsidentin Andrea Lindholz		21/93	82	Tagesordnungspunkt 3 (Fortsetzung): Einzelplan 15
2026-09-10	Leon Eckert	BÜNDNIS 90/DIE GRÜNEN	21/93	82	Tagesordnungspunkt 3 (Fortsetzung): Einzelplan 15
2026-09-10	Vizepräsidentin Andrea Lindholz		21/93	84	Tagesordnungspunkt 3 (Fortsetzung): Einzelplan 15
2026-09-10	Ina Latendorf	Die Linke	21/93	84	Tagesordnungspunkt 3 (Fortsetzung): Einzelplan 15
2026-09-10	Vizepräsidentin Josephine Ortleb		21/93	86	Tagesordnungspunkt 3 (Fortsetzung): Einzelplan 15
2026-09-10	Albert Stegemann	CDU/CSU	21/93	86	Tagesordnungspunkt 3 (Fortsetzung): Einzelplan 15
2026-09-10	Vizepräsidentin Josephine Ortleb		21/93	88	Tagesordnungspunkt 3 (Fortsetzung): Einzelplan 15
2026-09-10	Albert Stegemann	CDU/CSU	21/93	88	Tagesordnungspunkt 3 (Fortsetzung): Einzelplan 15
2026-09-10	Vizepräsidentin Josephine Ortleb		21/93	88	Tagesordnungspunkt 3 (Fortsetzung): Einzelplan 15
2026-09-10	Stephan Protschka	AfD	21/93	88	Tagesordnungspunkt 3 (Fortsetzung): Einzelplan 15
2026-09-10	Vizepräsidentin Josephine Ortleb		21/93	90	Tagesordnungspunkt 3 (Fortsetzung): Einzelplan 15
2026-09-10	Isabel Mackensen-Geis	SPD	21/93	90	Tagesordnungspunkt 3 (Fortsetzung): Einzelplan 15
2026-09-10	Vizepräsidentin Josephine Ortleb		21/93	91	Tagesordnungspunkt 3 (Fortsetzung): Einzelplan 15
2026-09-10	Dr. Julia Verlinden	BÜNDNIS 90/DIE GRÜNEN	21/93	91	Tagesordnungspunkt 3 (Fortsetzung): Einzelplan 15
2026-09-10	Vizepräsidentin Josephine Ortleb		21/93	92	Tagesordnungspunkt 3 (Fortsetzung): Einzelplan 15
2026-09-10	Sascha Wagner	Die Linke	21/93	92	Tagesordnungspunkt 3 (Fortsetzung): Einzelplan 15
2026-09-10	Vizepräsidentin Josephine Ortleb		21/93	94	Tagesordnungspunkt 3 (Fortsetzung): Einzelplan 15
2026-09-10	Anna Aeikens	CDU/CSU	21/93	94	Tagesordnungspunkt 3 (Fortsetzung): Einzelplan 15
2026-09-10	Vizepräsidentin Josephine Ortleb		21/93	95	Tagesordnungspunkt 3 (Fortsetzung): Einzelplan 15
2026-09-10	Peter Felser	AfD	21/93	95	Tagesordnungspunkt 3 (Fortsetzung): Einzelplan 15
2026-09-10	Vizepräsidentin Josephine Ortleb		21/93	97	Tagesordnungspunkt 3 (Fortsetzung): Einzelplan 15
2026-09-10	David Mandrella	SPD	21/93	97	Tagesordnungspunkt 3 (Fortsetzung): Einzelplan 15
2026-09-10	Vizepräsidentin Josephine Ortleb		21/93	99	Tagesordnungspunkt 3 (Fortsetzung): Einzelplan 15
2026-09-10	Karl Bär	BÜNDNIS 90/DIE GRÜNEN	21/93	99	Tagesordnungspunkt 3 (Fortsetzung): Einzelplan 15
2026-09-10	Vizepräsidentin Josephine Ortleb		21/93	100	Tagesordnungspunkt 3 (Fortsetzung): Einzelplan 15
2026-09-10	Alexander Engelhard	CDU/CSU	21/93	100	Tagesordnungspunkt 3 (Fortsetzung): Einzelplan 15
2026-09-10	Vizepräsidentin Josephine Ortleb		21/93	101	Tagesordnungspunkt 3 (Fortsetzung): Einzelplan 15
2026-09-10	Christian Reck	AfD	21/93	101	Tagesordnungspunkt 3 (Fortsetzung): Einzelplan 15
2026-09-10	Vizepräsidentin Josephine Ortleb		21/93	102	Tagesordnungspunkt 3 (Fortsetzung): Einzelplan 15
2026-09-10	Jens Behrens	SPD	21/93	102	Tagesordnungspunkt 3 (Fortsetzung): Einzelplan 15
2026-09-10	Vizepräsidentin Josephine Ortleb		21/93	103	Tagesordnungspunkt 3 (Fortsetzung): Einzelplan 15
2026-09-10	Stefan Seidler	fraktionslos	21/93	103	Tagesordnungspunkt 3 (Fortsetzung): Einzelplan 15
2026-09-10	Vizepräsidentin Josephine Ortleb		21/93	104	Tagesordnungspunkt 3 (Fortsetzung): Einzelplan 15
2026-09-10	Benedikt Büdenbender	CDU/CSU	21/93	104	Tagesordnungspunkt 3 (Fortsetzung): Einzelplan 15
2026-09-10	Vizepräsidentin Josephine Ortleb		21/93	105	Tagesordnungspunkt 3 (Fortsetzung): Einzelplan 15
2026-09-10	Bernd Schattner	AfD	21/93	105	Tagesordnungspunkt 3 (Fortsetzung): Einzelplan 15
2026-09-10	Vizepräsidentin Josephine Ortleb		21/93	107	Tagesordnungspunkt 3 (Fortsetzung): Einzelplan 15
2026-09-10	Dr. Oliver Vogt	CDU/CSU	21/93	107	Tagesordnungspunkt 3 (Fortsetzung): Einzelplan 15
2026-09-10	Vizepräsidentin Josephine Ortleb		21/93	109	Tagesordnungspunkt 3 (Fortsetzung): Einzelplan 15
2026-09-10	Vizepräsidentin Josephine Ortleb		21/93	111	Tagesordnungspunkt 3 (Fortsetzung): Einzelplan 15
2026-09-10	Vizepräsidentin Josephine Ortleb		21/93	114	Tagesordnungspunkt 3 (Fortsetzung): Einzelplan 15
2026-09-10	Nicole Gohlke	Die Linke	21/93	114	Tagesordnungspunkt 3 (Fortsetzung): Einzelplan 15
2026-09-10	Vizepräsidentin Josephine Ortleb		21/93	115	Tagesordnungspunkt 3 (Fortsetzung): Einzelplan 15
2026-09-10	Vizepräsidentin Josephine Ortleb		21/93	115	Tagesordnungspunkt 3 (Fortsetzung): Einzelplan 15
2026-09-10	Jürgen Koegel	AfD	21/93	115	Tagesordnungspunkt 3 (Fortsetzung): Einzelplan 15
2026-09-10	Vizepräsidentin Josephine Ortleb		21/93	117	Tagesordnungspunkt 3 (Fortsetzung): Einzelplan 15
2026-09-10	Svenja Stadler	SPD	21/93	117	Tagesordnungspunkt 3 (Fortsetzung): Einzelplan 15
2026-09-10	Vizepräsidentin Josephine Ortleb		21/93	119	Tagesordnungspunkt 3 (Fortsetzung): Einzelplan 15
2026-09-10	Jamila Schäfer	BÜNDNIS 90/DIE GRÜNEN	21/93	119	Tagesordnungspunkt 3 (Fortsetzung): Einzelplan 15
2026-09-10	Vizepräsidentin Josephine Ortleb		21/93	120	Tagesordnungspunkt 3 (Fortsetzung): Einzelplan 15
2026-09-10	Jamila Schäfer	BÜNDNIS 90/DIE GRÜNEN	21/93	120	Tagesordnungspunkt 3 (Fortsetzung): Einzelplan 15
2026-09-10	Dr. Konrad Körner	CDU/CSU	21/93	120	Tagesordnungspunkt 3 (Fortsetzung): Einzelplan 15
2026-09-10	Vizepräsidentin Josephine Ortleb		21/93	120	Tagesordnungspunkt 3 (Fortsetzung): Einzelplan 15
2026-09-10	Jamila Schäfer	BÜNDNIS 90/DIE GRÜNEN	21/93	120	Tagesordnungspunkt 3 (Fortsetzung): Einzelplan 15
2026-09-10	Vizepräsidentin Josephine Ortleb		21/93	121	Tagesordnungspunkt 3 (Fortsetzung): Einzelplan 15
2026-09-10	Tamara Mazzi	Die Linke	21/93	121	Tagesordnungspunkt 3 (Fortsetzung): Einzelplan 15
2026-09-10	Vizepräsidentin Josephine Ortleb		21/93	123	Tagesordnungspunkt 3 (Fortsetzung): Einzelplan 15
2026-09-10	Oliver Pöpsel	CDU/CSU	21/93	123	Tagesordnungspunkt 3 (Fortsetzung): Einzelplan 15
2026-09-10	Vizepräsidentin Josephine Ortleb		21/93	125	Tagesordnungspunkt 3 (Fortsetzung): Einzelplan 15
2026-09-10	Sebastian Maack	AfD	21/93	125	Tagesordnungspunkt 3 (Fortsetzung): Einzelplan 15
2026-09-10	Vizepräsidentin Josephine Ortleb		21/93	126	Tagesordnungspunkt 3 (Fortsetzung): Einzelplan 15
2026-09-10	Sebastian Maack	AfD	21/93	126	Tagesordnungspunkt 3 (Fortsetzung): Einzelplan 15
2026-09-10	Vizepräsidentin Josephine Ortleb		21/93	126	Tagesordnungspunkt 3 (Fortsetzung): Einzelplan 15
2026-09-10	Sebastian Maack	AfD	21/93	126	Tagesordnungspunkt 3 (Fortsetzung): Einzelplan 15
2026-09-10	Vizepräsident Bodo Ramelow		21/93	126	Tagesordnungspunkt 3 (Fortsetzung): Einzelplan 15
2026-09-10	Saskia Esken	SPD	21/93	126	Tagesordnungspunkt 3 (Fortsetzung): Einzelplan 15
2026-09-10	Vizepräsident Bodo Ramelow		21/93	128	Tagesordnungspunkt 3 (Fortsetzung): Einzelplan 15
2026-09-10	Saskia Esken	SPD	21/93	128	Tagesordnungspunkt 3 (Fortsetzung): Einzelplan 15
2026-09-10	Vizepräsident Bodo Ramelow		21/93	128	Tagesordnungspunkt 3 (Fortsetzung): Einzelplan 15
2026-09-10	Misbah Khan	BÜNDNIS 90/DIE GRÜNEN	21/93	128	Tagesordnungspunkt 3 (Fortsetzung): Einzelplan 15
2026-09-10	Vizepräsident Bodo Ramelow		21/93	130	Tagesordnungspunkt 3 (Fortsetzung): Einzelplan 15
2026-09-10	Frau Abgeordnete. Misbah Khan	BÜNDNIS 90/DIE GRÜNEN	21/93	130	Tagesordnungspunkt 3 (Fortsetzung): Einzelplan 15
2026-09-10	Vizepräsident Bodo Ramelow		21/93	130	Tagesordnungspunkt 3 (Fortsetzung): Einzelplan 15
2026-09-10	Mandy Eißing	Die Linke	21/93	130	Tagesordnungspunkt 3 (Fortsetzung): Einzelplan 15
2026-09-10	Vizepräsident Bodo Ramelow		21/93	131	Tagesordnungspunkt 3 (Fortsetzung): Einzelplan 15
2026-09-10	Ralph Edelhäußer	CDU/CSU	21/93	131	Tagesordnungspunkt 3 (Fortsetzung): Einzelplan 15
2026-09-10	Vizepräsident Bodo Ramelow		21/93	132	Tagesordnungspunkt 3 (Fortsetzung): Einzelplan 15
2026-09-10	Ralph Edelhäußer	CDU/CSU	21/93	132	Tagesordnungspunkt 3 (Fortsetzung): Einzelplan 15
2026-09-10	Dr. Anja Reinalter	BÜNDNIS 90/DIE GRÜNEN	21/93	132	Tagesordnungspunkt 3 (Fortsetzung): Einzelplan 15
2026-09-10	Ralph Edelhäußer	CDU/CSU	21/93	132	Tagesordnungspunkt 3 (Fortsetzung): Einzelplan 15
2026-09-10	Vizepräsident Bodo Ramelow		21/93	134	Tagesordnungspunkt 3 (Fortsetzung): Einzelplan 15
2026-09-10	Christian Zaum	AfD	21/93	134	Tagesordnungspunkt 3 (Fortsetzung): Einzelplan 15
2026-09-10	Vizepräsident Bodo Ramelow		21/93	136	Tagesordnungspunkt 3 (Fortsetzung): Einzelplan 15
2026-09-10	Truels Reichardt	SPD	21/93	136	Tagesordnungspunkt 3 (Fortsetzung): Einzelplan 15
2026-09-10	Vizepräsident Bodo Ramelow		21/93	137	Tagesordnungspunkt 3 (Fortsetzung): Einzelplan 15
2026-09-10	Denise Loop	BÜNDNIS 90/DIE GRÜNEN	21/93	137	Tagesordnungspunkt 3 (Fortsetzung): Einzelplan 15
2026-09-10	Vizepräsident Bodo Ramelow		21/93	138	Tagesordnungspunkt 3 (Fortsetzung): Einzelplan 15
2026-09-10	Melanie Bernstein	CDU/CSU	21/93	138	Tagesordnungspunkt 3 (Fortsetzung): Einzelplan 15
2026-09-10	Vizepräsident Bodo Ramelow		21/93	140	Tagesordnungspunkt 3 (Fortsetzung): Einzelplan 15
2026-09-10	Frau Kollegin. Melanie Bernstein	CDU/CSU	21/93	140	Tagesordnungspunkt 3 (Fortsetzung): Einzelplan 15
2026-09-10	Vizepräsident Bodo Ramelow		21/93	140	Tagesordnungspunkt 3 (Fortsetzung): Einzelplan 15
2026-09-10	Melanie Bernstein	CDU/CSU	21/93	140	Tagesordnungspunkt 3 (Fortsetzung): Einzelplan 15
2026-09-10	Vizepräsident Bodo Ramelow		21/93	140	Tagesordnungspunkt 3 (Fortsetzung): Einzelplan 15
2026-09-10	Melanie Bernstein	CDU/CSU	21/93	140	Tagesordnungspunkt 3 (Fortsetzung): Einzelplan 15
2026-09-10	Vizepräsident Bodo Ramelow		21/93	140	Tagesordnungspunkt 3 (Fortsetzung): Einzelplan 15
2026-09-10	Gereon Bollmann	AfD	21/93	140	Tagesordnungspunkt 3 (Fortsetzung): Einzelplan 15
2026-09-10	Vizepräsident Bodo Ramelow		21/93	141	Tagesordnungspunkt 3 (Fortsetzung): Einzelplan 15
2026-09-10	Felix Döring	SPD	21/93	141	Tagesordnungspunkt 3 (Fortsetzung): Einzelplan 15
2026-09-10	Vizepräsident Bodo Ramelow		21/93	142	Tagesordnungspunkt 3 (Fortsetzung): Einzelplan 15
2026-09-10	Felix Döring	SPD	21/93	142	Tagesordnungspunkt 3 (Fortsetzung): Einzelplan 15
2026-09-10	Vizepräsident Bodo Ramelow		21/93	143	Tagesordnungspunkt 3 (Fortsetzung): Einzelplan 15
2026-09-10	Birgit Bessin	AfD	21/93	143	Tagesordnungspunkt 3 (Fortsetzung): Einzelplan 15
2026-09-10	Vizepräsident Bodo Ramelow		21/93	144	Tagesordnungspunkt 3 (Fortsetzung): Einzelplan 15
2026-09-10	Frau Abgeordnete. Birgit Bessin	AfD	21/93	144	Tagesordnungspunkt 3 (Fortsetzung): Einzelplan 15
2026-09-10	Vizepräsident Bodo Ramelow		21/93	145	Tagesordnungspunkt 3 (Fortsetzung): Einzelplan 15
2026-09-10	Die Redezeit. Birgit Bessin	AfD	21/93	145	Tagesordnungspunkt 3 (Fortsetzung): Einzelplan 15
2026-09-10	Vizepräsident Bodo Ramelow		21/93	145	Tagesordnungspunkt 3 (Fortsetzung): Einzelplan 15
2026-09-10	Birgit Bessin	AfD	21/93	145	Tagesordnungspunkt 3 (Fortsetzung): Einzelplan 15
2026-09-10	Vizepräsident Bodo Ramelow		21/93	145	Tagesordnungspunkt 3 (Fortsetzung): Einzelplan 15
2026-09-10	Vizepräsident Bodo Ramelow		21/93	147	Tagesordnungspunkt 3 (Fortsetzung): Einzelplan 15
2026-09-10	Marc Bernhard	AfD	21/93	147	Tagesordnungspunkt 3 (Fortsetzung): Einzelplan 15
2026-09-10	Vizepräsident Bodo Ramelow		21/93	148	Tagesordnungspunkt 3 (Fortsetzung): Einzelplan 15
2026-09-10	Marc Bernhard	AfD	21/93	148	Tagesordnungspunkt 3 (Fortsetzung): Einzelplan 15
2026-09-10	Vizepräsident Bodo Ramelow		21/93	148	Tagesordnungspunkt 3 (Fortsetzung): Einzelplan 15
2026-09-10	Axel Knoerig	CDU/CSU	21/93	149	Tagesordnungspunkt 3 (Fortsetzung): Einzelplan 15
2026-09-10	Vizepräsident Bodo Ramelow		21/93	151	Tagesordnungspunkt 3 (Fortsetzung): Einzelplan 15
2026-09-10	Lisa Paus	BÜNDNIS 90/DIE GRÜNEN	21/93	151	Tagesordnungspunkt 3 (Fortsetzung): Einzelplan 15
2026-09-10	Vizepräsident Bodo Ramelow		21/93	153	Tagesordnungspunkt 3 (Fortsetzung): Einzelplan 15
2026-09-10	Lisa Paus	BÜNDNIS 90/DIE GRÜNEN	21/93	153	Tagesordnungspunkt 3 (Fortsetzung): Einzelplan 15
2026-09-10	Vizepräsident Bodo Ramelow		21/93	153	Tagesordnungspunkt 3 (Fortsetzung): Einzelplan 15
2026-09-10	Frau Abgeordnete. Lisa Paus	BÜNDNIS 90/DIE GRÜNEN	21/93	153	Tagesordnungspunkt 3 (Fortsetzung): Einzelplan 15
2026-09-10	Vizepräsident Bodo Ramelow		21/93	153	Tagesordnungspunkt 3 (Fortsetzung): Einzelplan 15
2026-09-10	Sascha Wagner	Die Linke	21/93	153	Tagesordnungspunkt 3 (Fortsetzung): Einzelplan 15
2026-09-10	Vizepräsident Bodo Ramelow		21/93	155	Tagesordnungspunkt 3 (Fortsetzung): Einzelplan 15
2026-09-10	Hendrik Bollmann	SPD	21/93	155	Tagesordnungspunkt 3 (Fortsetzung): Einzelplan 15
2026-09-10	Vizepräsident Bodo Ramelow		21/93	157	Tagesordnungspunkt 3 (Fortsetzung): Einzelplan 15
2026-09-10	Carolin Bachmann	AfD	21/93	157	Tagesordnungspunkt 3 (Fortsetzung): Einzelplan 15
2026-09-10	Vizepräsident Bodo Ramelow		21/93	158	Tagesordnungspunkt 3 (Fortsetzung): Einzelplan 15
2026-09-10	Michael Kießling	CDU/CSU	21/93	158	Tagesordnungspunkt 3 (Fortsetzung): Einzelplan 15
2026-09-10	Vizepräsident Bodo Ramelow		21/93	160	Tagesordnungspunkt 3 (Fortsetzung): Einzelplan 15
2026-09-10	Mayra Vriesema	BÜNDNIS 90/DIE GRÜNEN	21/93	160	Tagesordnungspunkt 3 (Fortsetzung): Einzelplan 15
2026-09-10	Vizepräsident Bodo Ramelow		21/93	162	Tagesordnungspunkt 3 (Fortsetzung): Einzelplan 15
2026-09-10	Sahra Mirow	Die Linke	21/93	162	Tagesordnungspunkt 3 (Fortsetzung): Einzelplan 15
2026-09-10	Vizepräsident Omid Nouripour		21/93	163	Tagesordnungspunkt 3 (Fortsetzung): Einzelplan 15
2026-09-10	Ruppert Stüwe	SPD	21/93	164	Tagesordnungspunkt 3 (Fortsetzung): Einzelplan 15
2026-09-10	Vizepräsident Omid Nouripour		21/93	165	Tagesordnungspunkt 3 (Fortsetzung): Einzelplan 15
2026-09-10	Bastian Treuheit	AfD	21/93	165	Tagesordnungspunkt 3 (Fortsetzung): Einzelplan 15
2026-09-10	Vizepräsident Omid Nouripour		21/93	166	Tagesordnungspunkt 3 (Fortsetzung): Einzelplan 15
2026-09-10	Wilhelm Gebhard	CDU/CSU	21/93	167	Tagesordnungspunkt 3 (Fortsetzung): Einzelplan 15
2026-09-10	Vizepräsident Omid Nouripour		21/93	168	Tagesordnungspunkt 3 (Fortsetzung): Einzelplan 15
2026-09-10	Wilhelm Gebhard	CDU/CSU	21/93	168	Tagesordnungspunkt 3 (Fortsetzung): Einzelplan 15
2026-09-10	Vizepräsident Omid Nouripour		21/93	168	Tagesordnungspunkt 3 (Fortsetzung): Einzelplan 15
2026-09-10	Wilhelm Gebhard	CDU/CSU	21/93	168	Tagesordnungspunkt 3 (Fortsetzung): Einzelplan 15
2026-09-10	Vizepräsident Omid Nouripour		21/93	169	Tagesordnungspunkt 3 (Fortsetzung): Einzelplan 15
2026-09-10	Hanna Steinmüller	BÜNDNIS 90/DIE GRÜNEN	21/93	169	Tagesordnungspunkt 3 (Fortsetzung): Einzelplan 15
2026-09-10	Vizepräsident Omid Nouripour		21/93	170	Tagesordnungspunkt 3 (Fortsetzung): Einzelplan 15
2026-09-10	Vielen Dank. Hanna Steinmüller	BÜNDNIS 90/DIE GRÜNEN	21/93	170	Tagesordnungspunkt 3 (Fortsetzung): Einzelplan 15
2026-09-10	Vizepräsident Omid Nouripour		21/93	170	Tagesordnungspunkt 3 (Fortsetzung): Einzelplan 15
2026-09-10	Dr. Philipp Rottwilm	SPD	21/93	170	Tagesordnungspunkt 3 (Fortsetzung): Einzelplan 15
2026-09-10	Vizepräsident Omid Nouripour		21/93	171	Tagesordnungspunkt 3 (Fortsetzung): Einzelplan 15
2026-09-10	Dr. Philipp Rottwilm	SPD	21/93	171	Tagesordnungspunkt 3 (Fortsetzung): Einzelplan 15
2026-09-10	Vizepräsident Omid Nouripour		21/93	171	Tagesordnungspunkt 3 (Fortsetzung): Einzelplan 15
2026-09-10	Dr. Philipp Rottwilm	SPD	21/93	171	Tagesordnungspunkt 3 (Fortsetzung): Einzelplan 15
2026-09-10	Vizepräsident Omid Nouripour		21/93	171	Tagesordnungspunkt 3 (Fortsetzung): Einzelplan 15
2026-09-10	Dr. Philipp Rottwilm	SPD	21/93	171	Tagesordnungspunkt 3 (Fortsetzung): Einzelplan 15
2026-09-10	Vizepräsident Omid Nouripour		21/93	171	Tagesordnungspunkt 3 (Fortsetzung): Einzelplan 15
2026-09-10	Sergej Minich	AfD	21/93	171	Tagesordnungspunkt 3 (Fortsetzung): Einzelplan 15
2026-09-10	Vizepräsident Omid Nouripour		21/93	172	Tagesordnungspunkt 3 (Fortsetzung): Einzelplan 15
2026-09-10	Vielen Dank. Sergej Minich	AfD	21/93	172	Tagesordnungspunkt 3 (Fortsetzung): Einzelplan 15
2026-09-10	Vizepräsident Omid Nouripour		21/93	172	Tagesordnungspunkt 3 (Fortsetzung): Einzelplan 15
2026-09-10	Lutz Brinkmann	CDU/CSU	21/93	172	Tagesordnungspunkt 3 (Fortsetzung): Einzelplan 15
2026-09-10	Vizepräsident Omid Nouripour		21/93	174	Tagesordnungspunkt 3 (Fortsetzung): Einzelplan 15
2026-09-10	Thomas Ladzinski	AfD	21/93	174	Tagesordnungspunkt 3 (Fortsetzung): Einzelplan 15
2026-09-10	Vizepräsident Omid Nouripour		21/93	176	Tagesordnungspunkt 3 (Fortsetzung): Einzelplan 15
2026-09-10	Jan Metzler	CDU/CSU	21/93	177	Tagesordnungspunkt 3 (Fortsetzung): Einzelplan 15
2026-09-10	Vizepräsident Omid Nouripour		21/93	179	Tagesordnungspunkt 3 (Fortsetzung): Einzelplan 15
2026-09-10	Vizepräsident Omid Nouripour		21/93	181	Tagesordnungspunkt 3 (Fortsetzung): Einzelplan 15
2026-09-10	Martin Sichert	AfD	21/93	181	Tagesordnungspunkt 3 (Fortsetzung): Einzelplan 15
2026-09-10	Vizepräsident Omid Nouripour		21/93	183	Tagesordnungspunkt 3 (Fortsetzung): Einzelplan 15
2026-09-10	Martin Sichert	AfD	21/93	183	Tagesordnungspunkt 3 (Fortsetzung): Einzelplan 15
2026-09-10	Vizepräsident Omid Nouripour		21/93	183	Tagesordnungspunkt 3 (Fortsetzung): Einzelplan 15
2026-09-10	Tamara Mazzi	Die Linke	21/93	183	Tagesordnungspunkt 3 (Fortsetzung): Einzelplan 15
2026-09-10	Martin Sichert	AfD	21/93	183	Tagesordnungspunkt 3 (Fortsetzung): Einzelplan 15
2026-09-10	Vizepräsident Omid Nouripour		21/93	184	Tagesordnungspunkt 3 (Fortsetzung): Einzelplan 15
2026-09-10	Martin Sichert	AfD	21/93	184	Tagesordnungspunkt 3 (Fortsetzung): Einzelplan 15
2026-09-10	Vizepräsident Omid Nouripour		21/93	185	Tagesordnungspunkt 3 (Fortsetzung): Einzelplan 15
2026-09-10	Svenja Stadler	SPD	21/93	185	Tagesordnungspunkt 3 (Fortsetzung): Einzelplan 15
2026-09-10	Vizepräsident Omid Nouripour		21/93	186	Tagesordnungspunkt 3 (Fortsetzung): Einzelplan 15
2026-09-10	Vielen Dank. Svenja Stadler	SPD	21/93	186	Tagesordnungspunkt 3 (Fortsetzung): Einzelplan 15
2026-09-10	Vizepräsident Omid Nouripour		21/93	186	Tagesordnungspunkt 3 (Fortsetzung): Einzelplan 15
2026-09-10	Svenja Stadler	SPD	21/93	186	Tagesordnungspunkt 3 (Fortsetzung): Einzelplan 15
2026-09-10	Vizepräsident Omid Nouripour		21/93	186	Tagesordnungspunkt 3 (Fortsetzung): Einzelplan 15
2026-09-10	Dr. Paula Piechotta	BÜNDNIS 90/DIE GRÜNEN	21/93	186	Tagesordnungspunkt 3 (Fortsetzung): Einzelplan 15
2026-09-10	Vizepräsident Omid Nouripour		21/93	189	Tagesordnungspunkt 3 (Fortsetzung): Einzelplan 15
2026-09-10	Tamara Mazzi	Die Linke	21/93	189	Tagesordnungspunkt 3 (Fortsetzung): Einzelplan 15
2026-09-10	Vizepräsident Omid Nouripour		21/93	190	Tagesordnungspunkt 3 (Fortsetzung): Einzelplan 15
2026-09-10	Simone Borchardt	CDU/CSU	21/93	190	Tagesordnungspunkt 3 (Fortsetzung): Einzelplan 15
2026-09-10	Vizepräsident Omid Nouripour		21/93	192	Tagesordnungspunkt 3 (Fortsetzung): Einzelplan 15
2026-09-10	Dr. Christina Baum	AfD	21/93	192	Tagesordnungspunkt 3 (Fortsetzung): Einzelplan 15
2026-09-10	Vizepräsident Omid Nouripour		21/93	194	Tagesordnungspunkt 3 (Fortsetzung): Einzelplan 15
2026-09-10	Vizepräsident Omid Nouripour		21/93	196	Tagesordnungspunkt 3 (Fortsetzung): Einzelplan 15
2026-09-10	Dr. Kirsten Kappert-Gonther	BÜNDNIS 90/DIE GRÜNEN	21/93	196	Tagesordnungspunkt 3 (Fortsetzung): Einzelplan 15
2026-09-10	Vizepräsident Omid Nouripour		21/93	197	Tagesordnungspunkt 3 (Fortsetzung): Einzelplan 15
2026-09-10	Dr. Kirsten Kappert-Gonther	BÜNDNIS 90/DIE GRÜNEN	21/93	197	Tagesordnungspunkt 3 (Fortsetzung): Einzelplan 15
2026-09-10	Vizepräsident Omid Nouripour		21/93	197	Tagesordnungspunkt 3 (Fortsetzung): Einzelplan 15
2026-09-10	Evelyn Schötz	Die Linke	21/93	197	Tagesordnungspunkt 3 (Fortsetzung): Einzelplan 15
2026-09-10	Vizepräsident Omid Nouripour		21/93	198	Tagesordnungspunkt 3 (Fortsetzung): Einzelplan 15
2026-09-10	Vielen Dank. Evelyn Schötz	Die Linke	21/93	198	Tagesordnungspunkt 3 (Fortsetzung): Einzelplan 15
2026-09-10	Vizepräsident Omid Nouripour		21/93	198	Tagesordnungspunkt 3 (Fortsetzung): Einzelplan 15
2026-09-10	Dr. Matthias Hiller	CDU/CSU	21/93	198	Tagesordnungspunkt 3 (Fortsetzung): Einzelplan 15
2026-09-10	Vizepräsident Omid Nouripour		21/93	199	Tagesordnungspunkt 3 (Fortsetzung): Einzelplan 15
2026-09-10	Dr. Christoph Birghan	AfD	21/93	199	Tagesordnungspunkt 3 (Fortsetzung): Einzelplan 15
2026-09-10	Vizepräsident Omid Nouripour		21/93	200	Tagesordnungspunkt 3 (Fortsetzung): Einzelplan 15
2026-09-10	Dr. Christoph Birghan	AfD	21/93	200	Tagesordnungspunkt 3 (Fortsetzung): Einzelplan 15
2026-09-10	Vizepräsident Omid Nouripour		21/93	200	Tagesordnungspunkt 3 (Fortsetzung): Einzelplan 15
2026-09-10	Dr. Christoph Birghan	AfD	21/93	200	Tagesordnungspunkt 3 (Fortsetzung): Einzelplan 15
2026-09-10	Vizepräsident Omid Nouripour		21/93	201	Tagesordnungspunkt 3 (Fortsetzung): Einzelplan 15
2026-09-10	Serdar Yüksel	SPD	21/93	201	Tagesordnungspunkt 3 (Fortsetzung): Einzelplan 15
2026-09-10	Vizepräsident Omid Nouripour		21/93	202	Tagesordnungspunkt 3 (Fortsetzung): Einzelplan 15
2026-09-10	Serdar Yüksel	SPD	21/93	202	Tagesordnungspunkt 3 (Fortsetzung): Einzelplan 15
2026-09-10	Vizepräsident Omid Nouripour		21/93	202	Tagesordnungspunkt 3 (Fortsetzung): Einzelplan 15
2026-09-10	Bitte. Serdar Yüksel	SPD	21/93	202	Tagesordnungspunkt 3 (Fortsetzung): Einzelplan 15
2026-09-10	Vizepräsident Omid Nouripour		21/93	202	Tagesordnungspunkt 3 (Fortsetzung): Einzelplan 15
2026-09-10	Vielen Dank. Serdar Yüksel	SPD	21/93	202	Tagesordnungspunkt 3 (Fortsetzung): Einzelplan 15
2026-09-10	Vizepräsident Omid Nouripour		21/93	202	Tagesordnungspunkt 3 (Fortsetzung): Einzelplan 15
2026-09-10	Ates Gürpinar	Die Linke	21/93	202	Tagesordnungspunkt 3 (Fortsetzung): Einzelplan 15
2026-09-10	Vizepräsident Omid Nouripour		21/93	203	Tagesordnungspunkt 3 (Fortsetzung): Einzelplan 15
2026-09-10	Serdar Yüksel	SPD	21/93	203	Tagesordnungspunkt 3 (Fortsetzung): Einzelplan 15
2026-09-10	Vizepräsident Omid Nouripour		21/93	204	Tagesordnungspunkt 3 (Fortsetzung): Einzelplan 15
2026-09-10	Johannes Wagner	BÜNDNIS 90/DIE GRÜNEN	21/93	204	Tagesordnungspunkt 3 (Fortsetzung): Einzelplan 15
2026-09-10	Vizepräsident Bodo Ramelow		21/93	205	Tagesordnungspunkt 3 (Fortsetzung): Einzelplan 15
2026-09-10	Emmi Zeulner	CDU/CSU	21/93	205	Tagesordnungspunkt 3 (Fortsetzung): Einzelplan 15
2026-09-10	Vizepräsident Bodo Ramelow		21/93	206	Tagesordnungspunkt 3 (Fortsetzung): Einzelplan 15
2026-09-10	Nicole Hess	AfD	21/93	206	Tagesordnungspunkt 3 (Fortsetzung): Einzelplan 15
2026-09-10	Vizepräsident Bodo Ramelow		21/93	208	Tagesordnungspunkt 3 (Fortsetzung): Einzelplan 15
2026-09-10	Dr. Christos Pantazis	SPD	21/93	208	Tagesordnungspunkt 3 (Fortsetzung): Einzelplan 15
2026-09-10	Vizepräsident Bodo Ramelow		21/93	209	Tagesordnungspunkt 3 (Fortsetzung): Einzelplan 15
2026-09-10	Dr. Christos Pantazis	SPD	21/93	209	Tagesordnungspunkt 3 (Fortsetzung): Einzelplan 15
2026-09-10	Vizepräsident Bodo Ramelow		21/93	210	Tagesordnungspunkt 3 (Fortsetzung): Einzelplan 15
2026-09-10	Anne Janssen	CDU/CSU	21/93	210	Tagesordnungspunkt 3 (Fortsetzung): Einzelplan 15
2026-09-10	Vizepräsident Bodo Ramelow		21/93	211	Tagesordnungspunkt 3 (Fortsetzung): Einzelplan 15
2026-09-10	Peter Aumer	CDU/CSU	21/93	211	Tagesordnungspunkt 3 (Fortsetzung): Einzelplan 15
2026-09-10	Vizepräsident Bodo Ramelow		21/93	212	Tagesordnungspunkt 3 (Fortsetzung): Einzelplan 15
2026-09-10	Peter Aumer	CDU/CSU	21/93	212	Tagesordnungspunkt 3 (Fortsetzung): Einzelplan 15
2026-09-10	Vizepräsident Bodo Ramelow		21/93	212	Tagesordnungspunkt 3 (Fortsetzung): Einzelplan 15
2026-09-10	Peter Aumer	CDU/CSU	21/93	212	Tagesordnungspunkt 3 (Fortsetzung): Einzelplan 15
2026-09-10	Vizepräsident Bodo Ramelow		21/93	212	Tagesordnungspunkt 3 (Fortsetzung): Einzelplan 15
2026-09-10	Peter Aumer	CDU/CSU	21/93	212	Tagesordnungspunkt 3 (Fortsetzung): Einzelplan 15
2026-09-10	Martin Sichert	AfD	21/93	212	Tagesordnungspunkt 3 (Fortsetzung): Einzelplan 15
2026-09-10	Peter Aumer	CDU/CSU	21/93	213	Tagesordnungspunkt 3 (Fortsetzung): Einzelplan 15
2026-09-10	Vizepräsident Bodo Ramelow		21/93	214	Tagesordnungspunkt 3 (Fortsetzung): Einzelplan 15
2026-09-10	Peter Aumer	CDU/CSU	21/93	214	Tagesordnungspunkt 3 (Fortsetzung): Einzelplan 15
2026-09-10	Vizepräsident Bodo Ramelow		21/93	214	Tagesordnungspunkt 3 (Fortsetzung): Einzelplan 15
2026-09-10	Dr. Paula Piechotta	BÜNDNIS 90/DIE GRÜNEN	21/93	214	Tagesordnungspunkt 3 (Fortsetzung): Einzelplan 15
2026-09-10	Peter Aumer	CDU/CSU	21/93	215	Tagesordnungspunkt 3 (Fortsetzung): Einzelplan 15
2026-09-10	Vizepräsident Bodo Ramelow		21/93	216	Tagesordnungspunkt 3 (Fortsetzung): Einzelplan 15
2026-09-09	Präsidentin Julia Klöckner		21/92	2	Tagesordnungspunkt 3 (Fortsetzung): a) Erste Beratung des von der Bundesregierung eingebra
2026-09-09	Dr. Alice Weidel	AfD	21/92	2	Tagesordnungspunkt 3 (Fortsetzung): a) Erste Beratung des von der Bundesregierung eingebra
2026-09-09	Präsidentin Julia Klöckner		21/92	4	Tagesordnungspunkt 3 (Fortsetzung): a) Erste Beratung des von der Bundesregierung eingebra
2026-09-09	Dr. Alice Weidel	AfD	21/92	4	Tagesordnungspunkt 3 (Fortsetzung): a) Erste Beratung des von der Bundesregierung eingebra
2026-09-09	Präsidentin Julia Klöckner		21/92	8	Tagesordnungspunkt 3 (Fortsetzung): a) Erste Beratung des von der Bundesregierung eingebra
2026-09-09	Präsidentin Julia Klöckner		21/92	9	Tagesordnungspunkt 3 (Fortsetzung): a) Erste Beratung des von der Bundesregierung eingebra
2026-09-09	Präsidentin Julia Klöckner		21/92	17	Tagesordnungspunkt 3 (Fortsetzung): a) Erste Beratung des von der Bundesregierung eingebra
2026-09-09	Präsidentin Julia Klöckner		21/92	18	Tagesordnungspunkt 3 (Fortsetzung): a) Erste Beratung des von der Bundesregierung eingebra
2026-09-09	Präsidentin Julia Klöckner		21/92	19	Tagesordnungspunkt 3 (Fortsetzung): a) Erste Beratung des von der Bundesregierung eingebra
2026-09-09	Katharina Dröge	BÜNDNIS 90/DIE GRÜNEN	21/92	19	Tagesordnungspunkt 3 (Fortsetzung): a) Erste Beratung des von der Bundesregierung eingebra
2026-09-09	Präsidentin Julia Klöckner		21/92	26	Tagesordnungspunkt 3 (Fortsetzung): a) Erste Beratung des von der Bundesregierung eingebra
2026-09-09	Dr. Matthias Miersch	SPD	21/92	26	Tagesordnungspunkt 3 (Fortsetzung): a) Erste Beratung des von der Bundesregierung eingebra
2026-09-09	Präsidentin Julia Klöckner		21/92	31	Tagesordnungspunkt 3 (Fortsetzung): a) Erste Beratung des von der Bundesregierung eingebra
2026-09-09	Sören Pellmann	Die Linke	21/92	31	Tagesordnungspunkt 3 (Fortsetzung): a) Erste Beratung des von der Bundesregierung eingebra
2026-09-09	Präsidentin Julia Klöckner		21/92	35	Tagesordnungspunkt 3 (Fortsetzung): a) Erste Beratung des von der Bundesregierung eingebra
2026-09-09	Thorsten Frei	CDU/CSU	21/92	35	Tagesordnungspunkt 3 (Fortsetzung): a) Erste Beratung des von der Bundesregierung eingebra
2026-09-09	Präsidentin Julia Klöckner		21/92	39	Tagesordnungspunkt 3 (Fortsetzung): a) Erste Beratung des von der Bundesregierung eingebra
2026-09-09	Tino Chrupalla	AfD	21/92	39	Tagesordnungspunkt 3 (Fortsetzung): a) Erste Beratung des von der Bundesregierung eingebra
2026-09-09	Vizepräsidentin Andrea Lindholz		21/92	44	Tagesordnungspunkt 3 (Fortsetzung): a) Erste Beratung des von der Bundesregierung eingebra
2026-09-09	Tino Chrupalla	AfD	21/92	44	Tagesordnungspunkt 3 (Fortsetzung): a) Erste Beratung des von der Bundesregierung eingebra
2026-09-09	Vizepräsidentin Andrea Lindholz		21/92	44	Tagesordnungspunkt 3 (Fortsetzung): a) Erste Beratung des von der Bundesregierung eingebra
2026-09-09	Dr. Wiebke Esdar	SPD	21/92	44	Tagesordnungspunkt 3 (Fortsetzung): a) Erste Beratung des von der Bundesregierung eingebra
2026-09-09	Vizepräsidentin Andrea Lindholz		21/92	46	Tagesordnungspunkt 3 (Fortsetzung): a) Erste Beratung des von der Bundesregierung eingebra
2026-09-09	Dr. Wiebke Esdar	SPD	21/92	46	Tagesordnungspunkt 3 (Fortsetzung): a) Erste Beratung des von der Bundesregierung eingebra
2026-09-09	Vizepräsidentin Andrea Lindholz		21/92	46	Tagesordnungspunkt 3 (Fortsetzung): a) Erste Beratung des von der Bundesregierung eingebra
2026-09-09	Claudia Müller	BÜNDNIS 90/DIE GRÜNEN	21/92	46	Tagesordnungspunkt 3 (Fortsetzung): a) Erste Beratung des von der Bundesregierung eingebra
2026-09-09	Vizepräsidentin Andrea Lindholz		21/92	47	Tagesordnungspunkt 3 (Fortsetzung): a) Erste Beratung des von der Bundesregierung eingebra
2026-09-09	Heidi Reichinnek	Die Linke	21/92	47	Tagesordnungspunkt 3 (Fortsetzung): a) Erste Beratung des von der Bundesregierung eingebra
2026-09-09	Vizepräsidentin Andrea Lindholz		21/92	52	Tagesordnungspunkt 3 (Fortsetzung): a) Erste Beratung des von der Bundesregierung eingebra
2026-09-09	Alexander Hoffmann	CDU/CSU	21/92	52	Tagesordnungspunkt 3 (Fortsetzung): a) Erste Beratung des von der Bundesregierung eingebra
2026-09-09	Vizepräsidentin Andrea Lindholz		21/92	55	Tagesordnungspunkt 3 (Fortsetzung): a) Erste Beratung des von der Bundesregierung eingebra
2026-09-09	Jörn König	AfD	21/92	55	Tagesordnungspunkt 3 (Fortsetzung): a) Erste Beratung des von der Bundesregierung eingebra
2026-09-09	Vizepräsidentin Andrea Lindholz		21/92	57	Tagesordnungspunkt 3 (Fortsetzung): a) Erste Beratung des von der Bundesregierung eingebra
2026-09-09	Tim Klüssendorf	SPD	21/92	57	Tagesordnungspunkt 3 (Fortsetzung): a) Erste Beratung des von der Bundesregierung eingebra
2026-09-09	Vizepräsidentin Andrea Lindholz		21/92	58	Tagesordnungspunkt 3 (Fortsetzung): a) Erste Beratung des von der Bundesregierung eingebra
2026-09-09	Tim Klüssendorf	SPD	21/92	58	Tagesordnungspunkt 3 (Fortsetzung): a) Erste Beratung des von der Bundesregierung eingebra
2026-09-09	Vizepräsidentin Andrea Lindholz		21/92	58	Tagesordnungspunkt 3 (Fortsetzung): a) Erste Beratung des von der Bundesregierung eingebra
2026-09-09	Tim Klüssendorf	SPD	21/92	58	Tagesordnungspunkt 3 (Fortsetzung): a) Erste Beratung des von der Bundesregierung eingebra
2026-09-09	Vizepräsidentin Andrea Lindholz		21/92	58	Tagesordnungspunkt 3 (Fortsetzung): a) Erste Beratung des von der Bundesregierung eingebra
2026-09-09	Tim Klüssendorf	SPD	21/92	58	Tagesordnungspunkt 3 (Fortsetzung): a) Erste Beratung des von der Bundesregierung eingebra
2026-09-09	Vizepräsidentin Andrea Lindholz		21/92	60	Tagesordnungspunkt 3 (Fortsetzung): a) Erste Beratung des von der Bundesregierung eingebra
2026-09-09	Martin Reichardt	AfD	21/92	61	Tagesordnungspunkt 3 (Fortsetzung): a) Erste Beratung des von der Bundesregierung eingebra
2026-09-09	Vizepräsidentin Andrea Lindholz		21/92	61	Tagesordnungspunkt 3 (Fortsetzung): a) Erste Beratung des von der Bundesregierung eingebra
2026-09-09	Tim Klüssendorf	SPD	21/92	61	Tagesordnungspunkt 3 (Fortsetzung): a) Erste Beratung des von der Bundesregierung eingebra
2026-09-09	Vizepräsidentin Andrea Lindholz		21/92	62	Tagesordnungspunkt 3 (Fortsetzung): a) Erste Beratung des von der Bundesregierung eingebra
2026-09-09	Andreas Audretsch	BÜNDNIS 90/DIE GRÜNEN	21/92	62	Tagesordnungspunkt 3 (Fortsetzung): a) Erste Beratung des von der Bundesregierung eingebra
2026-09-09	Vizepräsidentin Andrea Lindholz		21/92	63	Tagesordnungspunkt 3 (Fortsetzung): a) Erste Beratung des von der Bundesregierung eingebra
2026-09-09	Andreas Audretsch	BÜNDNIS 90/DIE GRÜNEN	21/92	63	Tagesordnungspunkt 3 (Fortsetzung): a) Erste Beratung des von der Bundesregierung eingebra
2026-09-09	Vizepräsidentin Andrea Lindholz		21/92	64	Tagesordnungspunkt 3 (Fortsetzung): a) Erste Beratung des von der Bundesregierung eingebra
2026-09-09	Christian Görke	Die Linke	21/92	64	Tagesordnungspunkt 3 (Fortsetzung): a) Erste Beratung des von der Bundesregierung eingebra
2026-09-09	Vizepräsidentin Andrea Lindholz		21/92	65	Tagesordnungspunkt 3 (Fortsetzung): a) Erste Beratung des von der Bundesregierung eingebra
2026-09-09	Ihre Zeit. Christian Görke	Die Linke	21/92	65	Tagesordnungspunkt 3 (Fortsetzung): a) Erste Beratung des von der Bundesregierung eingebra
2026-09-09	Vizepräsidentin Andrea Lindholz		21/92	65	Tagesordnungspunkt 3 (Fortsetzung): a) Erste Beratung des von der Bundesregierung eingebra
2026-09-09	Christian Görke	Die Linke	21/92	65	Tagesordnungspunkt 3 (Fortsetzung): a) Erste Beratung des von der Bundesregierung eingebra
2026-09-09	Vizepräsidentin Andrea Lindholz		21/92	65	Tagesordnungspunkt 3 (Fortsetzung): a) Erste Beratung des von der Bundesregierung eingebra
2026-09-09	Vizepräsidentin Andrea Lindholz		21/92	67	Tagesordnungspunkt 3 (Fortsetzung): a) Erste Beratung des von der Bundesregierung eingebra
2026-09-09	Dr. Götz Frömming	AfD	21/92	67	Tagesordnungspunkt 3 (Fortsetzung): a) Erste Beratung des von der Bundesregierung eingebra
2026-09-09	Vizepräsidentin Andrea Lindholz		21/92	69	Tagesordnungspunkt 3 (Fortsetzung): a) Erste Beratung des von der Bundesregierung eingebra
2026-09-09	Dr. Karl Lauterbach	SPD	21/92	69	Tagesordnungspunkt 3 (Fortsetzung): a) Erste Beratung des von der Bundesregierung eingebra
2026-09-09	Vizepräsidentin Andrea Lindholz		21/92	70	Tagesordnungspunkt 3 (Fortsetzung): a) Erste Beratung des von der Bundesregierung eingebra
2026-09-09	Tina Winklmann	BÜNDNIS 90/DIE GRÜNEN	21/92	70	Tagesordnungspunkt 3 (Fortsetzung): a) Erste Beratung des von der Bundesregierung eingebra
2026-09-09	Vizepräsidentin Andrea Lindholz		21/92	71	Tagesordnungspunkt 3 (Fortsetzung): a) Erste Beratung des von der Bundesregierung eingebra
2026-09-09	Dr. Ottilie Klein	CDU/CSU	21/92	71	Tagesordnungspunkt 3 (Fortsetzung): a) Erste Beratung des von der Bundesregierung eingebra
2026-09-09	Vizepräsidentin Andrea Lindholz		21/92	72	Tagesordnungspunkt 3 (Fortsetzung): a) Erste Beratung des von der Bundesregierung eingebra
2026-09-09	Lars Schieske	AfD	21/92	72	Tagesordnungspunkt 3 (Fortsetzung): a) Erste Beratung des von der Bundesregierung eingebra
2026-09-09	Vizepräsidentin Andrea Lindholz		21/92	74	Tagesordnungspunkt 3 (Fortsetzung): a) Erste Beratung des von der Bundesregierung eingebra
2026-09-09	Katrin Zschau	SPD	21/92	74	Tagesordnungspunkt 3 (Fortsetzung): a) Erste Beratung des von der Bundesregierung eingebra
2026-09-09	Vizepräsidentin Andrea Lindholz		21/92	75	Tagesordnungspunkt 3 (Fortsetzung): a) Erste Beratung des von der Bundesregierung eingebra
2026-09-09	Katrin Zschau	SPD	21/92	75	Tagesordnungspunkt 3 (Fortsetzung): a) Erste Beratung des von der Bundesregierung eingebra
2026-09-09	Vizepräsidentin Andrea Lindholz		21/92	75	Tagesordnungspunkt 3 (Fortsetzung): a) Erste Beratung des von der Bundesregierung eingebra
2026-09-09	Marlene Schönberger	BÜNDNIS 90/DIE GRÜNEN	21/92	75	Tagesordnungspunkt 3 (Fortsetzung): a) Erste Beratung des von der Bundesregierung eingebra
2026-09-09	Vizepräsidentin Andrea Lindholz		21/92	76	Tagesordnungspunkt 3 (Fortsetzung): a) Erste Beratung des von der Bundesregierung eingebra
2026-09-09	Kerstin Radomski	CDU/CSU	21/92	76	Tagesordnungspunkt 3 (Fortsetzung): a) Erste Beratung des von der Bundesregierung eingebra
2026-09-09	Vizepräsidentin Andrea Lindholz		21/92	78	Tagesordnungspunkt 3 (Fortsetzung): a) Erste Beratung des von der Bundesregierung eingebra
2026-09-09	Derya Türk-Nachbaur	SPD	21/92	78	Tagesordnungspunkt 3 (Fortsetzung): a) Erste Beratung des von der Bundesregierung eingebra
2026-09-09	Vizepräsidentin Andrea Lindholz		21/92	79	Tagesordnungspunkt 3 (Fortsetzung): a) Erste Beratung des von der Bundesregierung eingebra
2026-09-09	Stefan Seidler	fraktionslos	21/92	79	Tagesordnungspunkt 3 (Fortsetzung): a) Erste Beratung des von der Bundesregierung eingebra
2026-09-09	Vizepräsidentin Andrea Lindholz		21/92	80	Tagesordnungspunkt 3 (Fortsetzung): a) Erste Beratung des von der Bundesregierung eingebra
2026-09-09	Martin Rabanus	SPD	21/92	80	Tagesordnungspunkt 3 (Fortsetzung): a) Erste Beratung des von der Bundesregierung eingebra
2026-09-09	Vizepräsidentin Andrea Lindholz		21/92	81	Tagesordnungspunkt 3 (Fortsetzung): a) Erste Beratung des von der Bundesregierung eingebra
2026-09-09	Dr. Norbert Röttgen	CDU/CSU	21/92	81	Tagesordnungspunkt 3 (Fortsetzung): a) Erste Beratung des von der Bundesregierung eingebra
2026-09-09	Vizepräsidentin Andrea Lindholz		21/92	83	Tagesordnungspunkt 3 (Fortsetzung): a) Erste Beratung des von der Bundesregierung eingebra
2026-09-09	Dr. Norbert Röttgen	CDU/CSU	21/92	83	Tagesordnungspunkt 3 (Fortsetzung): a) Erste Beratung des von der Bundesregierung eingebra
2026-09-09	Vizepräsidentin Andrea Lindholz		21/92	83	Tagesordnungspunkt 3 (Fortsetzung): a) Erste Beratung des von der Bundesregierung eingebra
2026-09-09	Herr Frohnmaier. Markus Frohnmaier	AfD	21/92	83	Tagesordnungspunkt 3 (Fortsetzung): a) Erste Beratung des von der Bundesregierung eingebra
2026-09-09	Dr. Norbert Röttgen	CDU/CSU	21/92	83	Tagesordnungspunkt 3 (Fortsetzung): a) Erste Beratung des von der Bundesregierung eingebra
2026-09-09	Ja. Markus Frohnmaier	AfD	21/92	83	Tagesordnungspunkt 3 (Fortsetzung): a) Erste Beratung des von der Bundesregierung eingebra
2026-09-09	Dr. Norbert Röttgen	CDU/CSU	21/92	84	Tagesordnungspunkt 3 (Fortsetzung): a) Erste Beratung des von der Bundesregierung eingebra
2026-09-09	Vizepräsidentin Andrea Lindholz		21/92	84	Tagesordnungspunkt 3 (Fortsetzung): a) Erste Beratung des von der Bundesregierung eingebra
2026-09-09	Dr. Norbert Röttgen	CDU/CSU	21/92	84	Tagesordnungspunkt 3 (Fortsetzung): a) Erste Beratung des von der Bundesregierung eingebra
2026-09-09	Vizepräsidentin Andrea Lindholz		21/92	84	Tagesordnungspunkt 3 (Fortsetzung): a) Erste Beratung des von der Bundesregierung eingebra
2026-09-09	Jürgen Koegel	AfD	21/92	85	Tagesordnungspunkt 3 (Fortsetzung): a) Erste Beratung des von der Bundesregierung eingebra
2026-09-09	Vizepräsident Omid Nouripour		21/92	86	Tagesordnungspunkt 3 (Fortsetzung): a) Erste Beratung des von der Bundesregierung eingebra
2026-09-09	Jürgen Koegel	AfD	21/92	86	Tagesordnungspunkt 3 (Fortsetzung): a) Erste Beratung des von der Bundesregierung eingebra
2026-09-09	Vizepräsident Omid Nouripour		21/92	86	Tagesordnungspunkt 3 (Fortsetzung): a) Erste Beratung des von der Bundesregierung eingebra
2026-09-09	Jürgen Koegel	AfD	21/92	86	Tagesordnungspunkt 3 (Fortsetzung): a) Erste Beratung des von der Bundesregierung eingebra
2026-09-09	Vizepräsident Omid Nouripour		21/92	88	Tagesordnungspunkt 3 (Fortsetzung): a) Erste Beratung des von der Bundesregierung eingebra
2026-09-09	Jürgen Hardt	CDU/CSU	21/92	88	Tagesordnungspunkt 3 (Fortsetzung): a) Erste Beratung des von der Bundesregierung eingebra
2026-09-09	Vizepräsident Omid Nouripour		21/92	88	Tagesordnungspunkt 3 (Fortsetzung): a) Erste Beratung des von der Bundesregierung eingebra
2026-09-09	Jürgen Koegel	AfD	21/92	88	Tagesordnungspunkt 3 (Fortsetzung): a) Erste Beratung des von der Bundesregierung eingebra
2026-09-09	Jürgen Koegel	AfD	21/92	88	Tagesordnungspunkt 3 (Fortsetzung): a) Erste Beratung des von der Bundesregierung eingebra
2026-09-09	Vizepräsident Omid Nouripour		21/92	88	Tagesordnungspunkt 3 (Fortsetzung): a) Erste Beratung des von der Bundesregierung eingebra
2026-09-09	Esther Dilcher	SPD	21/92	89	Tagesordnungspunkt 3 (Fortsetzung): a) Erste Beratung des von der Bundesregierung eingebra
2026-09-09	Vizepräsident Omid Nouripour		21/92	90	Tagesordnungspunkt 3 (Fortsetzung): a) Erste Beratung des von der Bundesregierung eingebra
2026-09-09	Vielen Dank. Esther Dilcher	SPD	21/92	90	Tagesordnungspunkt 3 (Fortsetzung): a) Erste Beratung des von der Bundesregierung eingebra
2026-09-09	Vizepräsident Omid Nouripour		21/92	90	Tagesordnungspunkt 3 (Fortsetzung): a) Erste Beratung des von der Bundesregierung eingebra
2026-09-09	Jamila Schäfer	BÜNDNIS 90/DIE GRÜNEN	21/92	91	Tagesordnungspunkt 3 (Fortsetzung): a) Erste Beratung des von der Bundesregierung eingebra
2026-09-09	Vizepräsident Omid Nouripour		21/92	92	Tagesordnungspunkt 3 (Fortsetzung): a) Erste Beratung des von der Bundesregierung eingebra
2026-09-09	Vielen Dank. Jamila Schäfer	BÜNDNIS 90/DIE GRÜNEN	21/92	92	Tagesordnungspunkt 3 (Fortsetzung): a) Erste Beratung des von der Bundesregierung eingebra
2026-09-09	Vizepräsident Omid Nouripour		21/92	92	Tagesordnungspunkt 3 (Fortsetzung): a) Erste Beratung des von der Bundesregierung eingebra
2026-09-09	Vielen Dank. Jamila Schäfer	BÜNDNIS 90/DIE GRÜNEN	21/92	92	Tagesordnungspunkt 3 (Fortsetzung): a) Erste Beratung des von der Bundesregierung eingebra
2026-09-09	Vizepräsident Omid Nouripour		21/92	92	Tagesordnungspunkt 3 (Fortsetzung): a) Erste Beratung des von der Bundesregierung eingebra
2026-09-09	Sascha Wagner	Die Linke	21/92	92	Tagesordnungspunkt 3 (Fortsetzung): a) Erste Beratung des von der Bundesregierung eingebra
2026-09-09	Vizepräsident Omid Nouripour		21/92	94	Tagesordnungspunkt 3 (Fortsetzung): a) Erste Beratung des von der Bundesregierung eingebra
2026-09-09	Vizepräsident Omid Nouripour		21/92	97	Tagesordnungspunkt 3 (Fortsetzung): a) Erste Beratung des von der Bundesregierung eingebra
2026-09-09	Markus Frohnmaier	AfD	21/92	97	Tagesordnungspunkt 3 (Fortsetzung): a) Erste Beratung des von der Bundesregierung eingebra
2026-09-09	Vizepräsident Omid Nouripour		21/92	99	Tagesordnungspunkt 3 (Fortsetzung): a) Erste Beratung des von der Bundesregierung eingebra
2026-09-09	Vielen Dank. Markus Frohnmaier	AfD	21/92	99	Tagesordnungspunkt 3 (Fortsetzung): a) Erste Beratung des von der Bundesregierung eingebra
2026-09-09	Vizepräsident Omid Nouripour		21/92	99	Tagesordnungspunkt 3 (Fortsetzung): a) Erste Beratung des von der Bundesregierung eingebra
2026-09-09	Jürgen Hardt	CDU/CSU	21/92	99	Tagesordnungspunkt 3 (Fortsetzung): a) Erste Beratung des von der Bundesregierung eingebra
2026-09-09	Vizepräsident Omid Nouripour		21/92	100	Tagesordnungspunkt 3 (Fortsetzung): a) Erste Beratung des von der Bundesregierung eingebra
2026-09-09	Markus Frohnmaier	AfD	21/92	100	Tagesordnungspunkt 3 (Fortsetzung): a) Erste Beratung des von der Bundesregierung eingebra
2026-09-09	Vizepräsident Omid Nouripour		21/92	100	Tagesordnungspunkt 3 (Fortsetzung): a) Erste Beratung des von der Bundesregierung eingebra
2026-09-09	Siemtje Möller	SPD	21/92	100	Tagesordnungspunkt 3 (Fortsetzung): a) Erste Beratung des von der Bundesregierung eingebra
2026-09-09	Vizepräsident Omid Nouripour		21/92	100	Tagesordnungspunkt 3 (Fortsetzung): a) Erste Beratung des von der Bundesregierung eingebra
2026-09-09	Siemtje Möller	SPD	21/92	101	Tagesordnungspunkt 3 (Fortsetzung): a) Erste Beratung des von der Bundesregierung eingebra
2026-09-09	Vizepräsident Omid Nouripour		21/92	102	Tagesordnungspunkt 3 (Fortsetzung): a) Erste Beratung des von der Bundesregierung eingebra
2026-09-09	Deborah Düring	BÜNDNIS 90/DIE GRÜNEN	21/92	102	Tagesordnungspunkt 3 (Fortsetzung): a) Erste Beratung des von der Bundesregierung eingebra
2026-09-09	Vizepräsident Omid Nouripour		21/92	104	Tagesordnungspunkt 3 (Fortsetzung): a) Erste Beratung des von der Bundesregierung eingebra
2026-09-09	Katrin Fey	Die Linke	21/92	104	Tagesordnungspunkt 3 (Fortsetzung): a) Erste Beratung des von der Bundesregierung eingebra
2026-09-09	Vizepräsident Omid Nouripour		21/92	104	Tagesordnungspunkt 3 (Fortsetzung): a) Erste Beratung des von der Bundesregierung eingebra
2026-09-09	Tilman Kuban	CDU/CSU	21/92	104	Tagesordnungspunkt 3 (Fortsetzung): a) Erste Beratung des von der Bundesregierung eingebra
2026-09-09	Vizepräsident Omid Nouripour		21/92	105	Tagesordnungspunkt 3 (Fortsetzung): a) Erste Beratung des von der Bundesregierung eingebra
2026-09-09	Tilman Kuban	CDU/CSU	21/92	105	Tagesordnungspunkt 3 (Fortsetzung): a) Erste Beratung des von der Bundesregierung eingebra
2026-09-09	Vizepräsident Omid Nouripour		21/92	105	Tagesordnungspunkt 3 (Fortsetzung): a) Erste Beratung des von der Bundesregierung eingebra
2026-09-09	Tilman Kuban	CDU/CSU	21/92	105	Tagesordnungspunkt 3 (Fortsetzung): a) Erste Beratung des von der Bundesregierung eingebra
2026-09-09	Tilman Kuban	CDU/CSU	21/92	105	Tagesordnungspunkt 3 (Fortsetzung): a) Erste Beratung des von der Bundesregierung eingebra
2026-09-09	Vizepräsident Omid Nouripour		21/92	107	Tagesordnungspunkt 3 (Fortsetzung): a) Erste Beratung des von der Bundesregierung eingebra
2026-09-09	Markus Frohnmaier	AfD	21/92	107	Tagesordnungspunkt 3 (Fortsetzung): a) Erste Beratung des von der Bundesregierung eingebra
2026-09-09	Vizepräsident Omid Nouripour		21/92	107	Tagesordnungspunkt 3 (Fortsetzung): a) Erste Beratung des von der Bundesregierung eingebra
2026-09-09	Tilman Kuban	CDU/CSU	21/92	107	Tagesordnungspunkt 3 (Fortsetzung): a) Erste Beratung des von der Bundesregierung eingebra
2026-09-09	Vizepräsident Omid Nouripour		21/92	108	Tagesordnungspunkt 3 (Fortsetzung): a) Erste Beratung des von der Bundesregierung eingebra
2026-09-09	Stefan Keuter	AfD	21/92	108	Tagesordnungspunkt 3 (Fortsetzung): a) Erste Beratung des von der Bundesregierung eingebra
2026-09-09	Vizepräsident Omid Nouripour		21/92	109	Tagesordnungspunkt 3 (Fortsetzung): a) Erste Beratung des von der Bundesregierung eingebra
2026-09-09	Metin Hakverdi	SPD	21/92	110	Tagesordnungspunkt 3 (Fortsetzung): a) Erste Beratung des von der Bundesregierung eingebra
2026-09-09	Vizepräsident Omid Nouripour		21/92	111	Tagesordnungspunkt 3 (Fortsetzung): a) Erste Beratung des von der Bundesregierung eingebra
2026-09-09	Max Lucks	BÜNDNIS 90/DIE GRÜNEN	21/92	111	Tagesordnungspunkt 3 (Fortsetzung): a) Erste Beratung des von der Bundesregierung eingebra
2026-09-09	Vizepräsident Omid Nouripour		21/92	113	Tagesordnungspunkt 3 (Fortsetzung): a) Erste Beratung des von der Bundesregierung eingebra
2026-09-09	Vielen Dank. Max Lucks	BÜNDNIS 90/DIE GRÜNEN	21/92	113	Tagesordnungspunkt 3 (Fortsetzung): a) Erste Beratung des von der Bundesregierung eingebra
2026-09-09	Vizepräsident Omid Nouripour		21/92	113	Tagesordnungspunkt 3 (Fortsetzung): a) Erste Beratung des von der Bundesregierung eingebra
2026-09-09	Vizepräsident Omid Nouripour		21/92	114	Tagesordnungspunkt 3 (Fortsetzung): a) Erste Beratung des von der Bundesregierung eingebra
2026-09-09	Vizepräsident Omid Nouripour		21/92	114	Tagesordnungspunkt 3 (Fortsetzung): a) Erste Beratung des von der Bundesregierung eingebra
2026-09-09	Roderich Kiesewetter	CDU/CSU	21/92	114	Tagesordnungspunkt 3 (Fortsetzung): a) Erste Beratung des von der Bundesregierung eingebra
2026-09-09	Vizepräsident Omid Nouripour		21/92	115	Tagesordnungspunkt 3 (Fortsetzung): a) Erste Beratung des von der Bundesregierung eingebra
2026-09-09	Vielen Dank. Roderich Kiesewetter	CDU/CSU	21/92	115	Tagesordnungspunkt 3 (Fortsetzung): a) Erste Beratung des von der Bundesregierung eingebra
2026-09-09	Vizepräsident Omid Nouripour		21/92	115	Tagesordnungspunkt 3 (Fortsetzung): a) Erste Beratung des von der Bundesregierung eingebra
2026-09-09	Roderich Kiesewetter	CDU/CSU	21/92	115	Tagesordnungspunkt 3 (Fortsetzung): a) Erste Beratung des von der Bundesregierung eingebra
2026-09-09	Vizepräsident Omid Nouripour		21/92	115	Tagesordnungspunkt 3 (Fortsetzung): a) Erste Beratung des von der Bundesregierung eingebra
2026-09-09	Dr. Rainer Rothfuß	AfD	21/92	115	Tagesordnungspunkt 3 (Fortsetzung): a) Erste Beratung des von der Bundesregierung eingebra
2026-09-09	Vizepräsident Omid Nouripour		21/92	116	Tagesordnungspunkt 3 (Fortsetzung): a) Erste Beratung des von der Bundesregierung eingebra
2026-09-09	Dr. Rainer Rothfuß	AfD	21/92	116	Tagesordnungspunkt 3 (Fortsetzung): a) Erste Beratung des von der Bundesregierung eingebra
2026-09-09	Vizepräsident Omid Nouripour		21/92	116	Tagesordnungspunkt 3 (Fortsetzung): a) Erste Beratung des von der Bundesregierung eingebra
2026-09-09	Bitte. Boris Mijatović	BÜNDNIS 90/DIE GRÜNEN	21/92	116	Tagesordnungspunkt 3 (Fortsetzung): a) Erste Beratung des von der Bundesregierung eingebra
2026-09-09	Vizepräsident Omid Nouripour		21/92	117	Tagesordnungspunkt 3 (Fortsetzung): a) Erste Beratung des von der Bundesregierung eingebra
2026-09-09	Dr. Rainer Rothfuß	AfD	21/92	117	Tagesordnungspunkt 3 (Fortsetzung): a) Erste Beratung des von der Bundesregierung eingebra
2026-09-09	Vizepräsident Omid Nouripour		21/92	118	Tagesordnungspunkt 3 (Fortsetzung): a) Erste Beratung des von der Bundesregierung eingebra
2026-09-09	Dr. Rainer Rothfuß	AfD	21/92	118	Tagesordnungspunkt 3 (Fortsetzung): a) Erste Beratung des von der Bundesregierung eingebra
2026-09-09	Vizepräsident Omid Nouripour		21/92	118	Tagesordnungspunkt 3 (Fortsetzung): a) Erste Beratung des von der Bundesregierung eingebra
2026-09-09	Tobias Winkler	CDU/CSU	21/92	118	Tagesordnungspunkt 3 (Fortsetzung): a) Erste Beratung des von der Bundesregierung eingebra
2026-09-09	Vizepräsident Omid Nouripour		21/92	120	Tagesordnungspunkt 3 (Fortsetzung): a) Erste Beratung des von der Bundesregierung eingebra
2026-09-09	Jens Spahn	CDU/CSU	21/92	120	Tagesordnungspunkt 3 (Fortsetzung): a) Erste Beratung des von der Bundesregierung eingebra
2026-09-09	Vizepräsident Omid Nouripour		21/92	121	Tagesordnungspunkt 3 (Fortsetzung): a) Erste Beratung des von der Bundesregierung eingebra
2026-09-09	Vizepräsident Omid Nouripour		21/92	125	Tagesordnungspunkt 3 (Fortsetzung): a) Erste Beratung des von der Bundesregierung eingebra
2026-09-09	Jan Ralf Nolte	AfD	21/92	125	Tagesordnungspunkt 3 (Fortsetzung): a) Erste Beratung des von der Bundesregierung eingebra
2026-09-09	Vizepräsident Omid Nouripour		21/92	127	Tagesordnungspunkt 3 (Fortsetzung): a) Erste Beratung des von der Bundesregierung eingebra
2026-09-09	Kerstin Vieregge	CDU/CSU	21/92	127	Tagesordnungspunkt 3 (Fortsetzung): a) Erste Beratung des von der Bundesregierung eingebra
2026-09-09	Vizepräsident Bodo Ramelow		21/92	129	Tagesordnungspunkt 3 (Fortsetzung): a) Erste Beratung des von der Bundesregierung eingebra
2026-09-09	Dr. Sebastian Schäfer	BÜNDNIS 90/DIE GRÜNEN	21/92	129	Tagesordnungspunkt 3 (Fortsetzung): a) Erste Beratung des von der Bundesregierung eingebra
2026-09-09	Vizepräsident Bodo Ramelow		21/92	130	Tagesordnungspunkt 3 (Fortsetzung): a) Erste Beratung des von der Bundesregierung eingebra
2026-09-09	Dr. Sebastian Schäfer	BÜNDNIS 90/DIE GRÜNEN	21/92	130	Tagesordnungspunkt 3 (Fortsetzung): a) Erste Beratung des von der Bundesregierung eingebra
2026-09-09	Vizepräsident Bodo Ramelow		21/92	130	Tagesordnungspunkt 3 (Fortsetzung): a) Erste Beratung des von der Bundesregierung eingebra
2026-09-09	Dr. Dietmar Bartsch	Die Linke	21/92	130	Tagesordnungspunkt 3 (Fortsetzung): a) Erste Beratung des von der Bundesregierung eingebra
2026-09-09	Vizepräsident Bodo Ramelow		21/92	132	Tagesordnungspunkt 3 (Fortsetzung): a) Erste Beratung des von der Bundesregierung eingebra
2026-09-09	Dr. Dietmar Bartsch	Die Linke	21/92	133	Tagesordnungspunkt 3 (Fortsetzung): a) Erste Beratung des von der Bundesregierung eingebra
2026-09-09	Vizepräsident Bodo Ramelow		21/92	133	Tagesordnungspunkt 3 (Fortsetzung): a) Erste Beratung des von der Bundesregierung eingebra
2026-09-09	Dr. Dietmar Bartsch	Die Linke	21/92	133	Tagesordnungspunkt 3 (Fortsetzung): a) Erste Beratung des von der Bundesregierung eingebra
2026-09-09	Vizepräsident Bodo Ramelow		21/92	133	Tagesordnungspunkt 3 (Fortsetzung): a) Erste Beratung des von der Bundesregierung eingebra
2026-09-09	Andreas Schwarz	SPD	21/92	133	Tagesordnungspunkt 3 (Fortsetzung): a) Erste Beratung des von der Bundesregierung eingebra
2026-09-09	Vizepräsident Bodo Ramelow		21/92	134	Tagesordnungspunkt 3 (Fortsetzung): a) Erste Beratung des von der Bundesregierung eingebra
2026-09-09	Andreas Schwarz	SPD	21/92	134	Tagesordnungspunkt 3 (Fortsetzung): a) Erste Beratung des von der Bundesregierung eingebra
2026-09-09	Martin Reichardt	AfD	21/92	134	Tagesordnungspunkt 3 (Fortsetzung): a) Erste Beratung des von der Bundesregierung eingebra
2026-09-09	Andreas Schwarz	SPD	21/92	134	Tagesordnungspunkt 3 (Fortsetzung): a) Erste Beratung des von der Bundesregierung eingebra
2026-09-09	Vizepräsident Bodo Ramelow		21/92	135	Tagesordnungspunkt 3 (Fortsetzung): a) Erste Beratung des von der Bundesregierung eingebra
2026-09-09	Mirco Hanker	AfD	21/92	135	Tagesordnungspunkt 3 (Fortsetzung): a) Erste Beratung des von der Bundesregierung eingebra
2026-09-09	Vizepräsident Bodo Ramelow		21/92	136	Tagesordnungspunkt 3 (Fortsetzung): a) Erste Beratung des von der Bundesregierung eingebra
2026-09-09	Jan-Wilhelm Pohlmann	CDU/CSU	21/92	136	Tagesordnungspunkt 3 (Fortsetzung): a) Erste Beratung des von der Bundesregierung eingebra
2026-09-09	Vizepräsident Bodo Ramelow		21/92	138	Tagesordnungspunkt 3 (Fortsetzung): a) Erste Beratung des von der Bundesregierung eingebra
2026-09-09	Robin Wagener	BÜNDNIS 90/DIE GRÜNEN	21/92	138	Tagesordnungspunkt 3 (Fortsetzung): a) Erste Beratung des von der Bundesregierung eingebra
2026-09-09	Vizepräsident Bodo Ramelow		21/92	140	Tagesordnungspunkt 3 (Fortsetzung): a) Erste Beratung des von der Bundesregierung eingebra
2026-09-09	Ulrich Thoden	Die Linke	21/92	140	Tagesordnungspunkt 3 (Fortsetzung): a) Erste Beratung des von der Bundesregierung eingebra
2026-09-09	Vizepräsident Bodo Ramelow		21/92	141	Tagesordnungspunkt 3 (Fortsetzung): a) Erste Beratung des von der Bundesregierung eingebra
2026-09-09	Herr Abgeordneter. Ulrich Thoden	Die Linke	21/92	141	Tagesordnungspunkt 3 (Fortsetzung): a) Erste Beratung des von der Bundesregierung eingebra
2026-09-09	Vizepräsident Bodo Ramelow		21/92	142	Tagesordnungspunkt 3 (Fortsetzung): a) Erste Beratung des von der Bundesregierung eingebra
2026-09-09	Ulrich Thoden	Die Linke	21/92	142	Tagesordnungspunkt 3 (Fortsetzung): a) Erste Beratung des von der Bundesregierung eingebra
2026-09-09	Vizepräsident Bodo Ramelow		21/92	142	Tagesordnungspunkt 3 (Fortsetzung): a) Erste Beratung des von der Bundesregierung eingebra
2026-09-09	Dr. Florian Dorn	CDU/CSU	21/92	142	Tagesordnungspunkt 3 (Fortsetzung): a) Erste Beratung des von der Bundesregierung eingebra
2026-09-09	Vizepräsident Bodo Ramelow		21/92	144	Tagesordnungspunkt 3 (Fortsetzung): a) Erste Beratung des von der Bundesregierung eingebra
2026-09-09	Rüdiger Lucassen	AfD	21/92	144	Tagesordnungspunkt 3 (Fortsetzung): a) Erste Beratung des von der Bundesregierung eingebra
2026-09-09	Vizepräsident Bodo Ramelow		21/92	145	Tagesordnungspunkt 3 (Fortsetzung): a) Erste Beratung des von der Bundesregierung eingebra
2026-09-09	Jeanne Dillschneider	BÜNDNIS 90/DIE GRÜNEN	21/92	145	Tagesordnungspunkt 3 (Fortsetzung): a) Erste Beratung des von der Bundesregierung eingebra
2026-09-09	Vizepräsident Bodo Ramelow		21/92	146	Tagesordnungspunkt 3 (Fortsetzung): a) Erste Beratung des von der Bundesregierung eingebra
2026-09-09	Vivian Tauschwitz	CDU/CSU	21/92	146	Tagesordnungspunkt 3 (Fortsetzung): a) Erste Beratung des von der Bundesregierung eingebra
2026-09-09	Vizepräsident Bodo Ramelow		21/92	148	Tagesordnungspunkt 3 (Fortsetzung): a) Erste Beratung des von der Bundesregierung eingebra
2026-09-09	Dr. Daniel Zerbin	AfD	21/92	148	Tagesordnungspunkt 3 (Fortsetzung): a) Erste Beratung des von der Bundesregierung eingebra
2026-09-09	Vizepräsident Bodo Ramelow		21/92	149	Tagesordnungspunkt 3 (Fortsetzung): a) Erste Beratung des von der Bundesregierung eingebra
2026-09-09	Andreas Mattfeldt	CDU/CSU	21/92	149	Tagesordnungspunkt 3 (Fortsetzung): a) Erste Beratung des von der Bundesregierung eingebra
2026-09-09	Vizepräsident Bodo Ramelow		21/92	152	Tagesordnungspunkt 3 (Fortsetzung): a) Erste Beratung des von der Bundesregierung eingebra
2026-09-09	Thomas Ladzinski	AfD	21/92	152	Tagesordnungspunkt 3 (Fortsetzung): a) Erste Beratung des von der Bundesregierung eingebra
2026-09-09	Vizepräsident Bodo Ramelow		21/92	154	Tagesordnungspunkt 3 (Fortsetzung): a) Erste Beratung des von der Bundesregierung eingebra
2026-09-09	Vizepräsident Bodo Ramelow		21/92	156	Tagesordnungspunkt 3 (Fortsetzung): a) Erste Beratung des von der Bundesregierung eingebra
2026-09-09	Mirco Hanker	AfD	21/92	156	Tagesordnungspunkt 3 (Fortsetzung): a) Erste Beratung des von der Bundesregierung eingebra
2026-09-09	Vizepräsident Bodo Ramelow		21/92	159	Tagesordnungspunkt 3 (Fortsetzung): a) Erste Beratung des von der Bundesregierung eingebra
2026-09-09	Nicolas Zippelius	CDU/CSU	21/92	159	Tagesordnungspunkt 3 (Fortsetzung): a) Erste Beratung des von der Bundesregierung eingebra
2026-09-09	Vizepräsident Bodo Ramelow		21/92	161	Tagesordnungspunkt 3 (Fortsetzung): a) Erste Beratung des von der Bundesregierung eingebra
2026-09-09	Jamila Schäfer	BÜNDNIS 90/DIE GRÜNEN	21/92	161	Tagesordnungspunkt 3 (Fortsetzung): a) Erste Beratung des von der Bundesregierung eingebra
2026-09-09	Vizepräsident Bodo Ramelow		21/92	163	Tagesordnungspunkt 3 (Fortsetzung): a) Erste Beratung des von der Bundesregierung eingebra
2026-09-09	Sascha Wagner	Die Linke	21/92	163	Tagesordnungspunkt 3 (Fortsetzung): a) Erste Beratung des von der Bundesregierung eingebra
2026-09-09	Vizepräsident Bodo Ramelow		21/92	164	Tagesordnungspunkt 3 (Fortsetzung): a) Erste Beratung des von der Bundesregierung eingebra
2026-09-09	Sascha Wagner	Die Linke	21/92	164	Tagesordnungspunkt 3 (Fortsetzung): a) Erste Beratung des von der Bundesregierung eingebra
2026-09-09	Vizepräsident Bodo Ramelow		21/92	165	Tagesordnungspunkt 3 (Fortsetzung): a) Erste Beratung des von der Bundesregierung eingebra
2026-09-09	Felix Döring	SPD	21/92	165	Tagesordnungspunkt 3 (Fortsetzung): a) Erste Beratung des von der Bundesregierung eingebra
2026-09-09	Vizepräsident Bodo Ramelow		21/92	166	Tagesordnungspunkt 3 (Fortsetzung): a) Erste Beratung des von der Bundesregierung eingebra
2026-09-09	Matthias Rentzsch	AfD	21/92	166	Tagesordnungspunkt 3 (Fortsetzung): a) Erste Beratung des von der Bundesregierung eingebra
2026-09-09	Vizepräsident Bodo Ramelow		21/92	168	Tagesordnungspunkt 3 (Fortsetzung): a) Erste Beratung des von der Bundesregierung eingebra
2026-09-09	Klaus Mack	CDU/CSU	21/92	168	Tagesordnungspunkt 3 (Fortsetzung): a) Erste Beratung des von der Bundesregierung eingebra
2026-09-09	Vizepräsidentin Josephine Ortleb		21/92	170	Tagesordnungspunkt 3 (Fortsetzung): a) Erste Beratung des von der Bundesregierung eingebra
2026-09-09	Schahina Gambir	BÜNDNIS 90/DIE GRÜNEN	21/92	170	Tagesordnungspunkt 3 (Fortsetzung): a) Erste Beratung des von der Bundesregierung eingebra
2026-09-09	Vizepräsidentin Josephine Ortleb		21/92	171	Tagesordnungspunkt 3 (Fortsetzung): a) Erste Beratung des von der Bundesregierung eingebra
2026-09-09	Charlotte Antonia Neuhäuser	Die Linke	21/92	171	Tagesordnungspunkt 3 (Fortsetzung): a) Erste Beratung des von der Bundesregierung eingebra
2026-09-09	Vizepräsidentin Josephine Ortleb		21/92	172	Tagesordnungspunkt 3 (Fortsetzung): a) Erste Beratung des von der Bundesregierung eingebra
2026-09-09	Sanae Abdi	SPD	21/92	173	Tagesordnungspunkt 3 (Fortsetzung): a) Erste Beratung des von der Bundesregierung eingebra
2026-09-09	Vizepräsidentin Josephine Ortleb		21/92	174	Tagesordnungspunkt 3 (Fortsetzung): a) Erste Beratung des von der Bundesregierung eingebra
2026-09-09	Sanae Abdi	SPD	21/92	174	Tagesordnungspunkt 3 (Fortsetzung): a) Erste Beratung des von der Bundesregierung eingebra
2026-09-09	Vizepräsidentin Josephine Ortleb		21/92	174	Tagesordnungspunkt 3 (Fortsetzung): a) Erste Beratung des von der Bundesregierung eingebra
2026-09-09	Julian Schmidt	AfD	21/92	174	Tagesordnungspunkt 3 (Fortsetzung): a) Erste Beratung des von der Bundesregierung eingebra
2026-09-09	Vizepräsidentin Josephine Ortleb		21/92	175	Tagesordnungspunkt 3 (Fortsetzung): a) Erste Beratung des von der Bundesregierung eingebra
2026-09-09	Dr. Wolfgang Stefinger	CDU/CSU	21/92	176	Tagesordnungspunkt 3 (Fortsetzung): a) Erste Beratung des von der Bundesregierung eingebra
2026-09-09	Vizepräsidentin Josephine Ortleb		21/92	177	Tagesordnungspunkt 3 (Fortsetzung): a) Erste Beratung des von der Bundesregierung eingebra
2026-09-09	Dr. Wolfgang Stefinger	CDU/CSU	21/92	177	Tagesordnungspunkt 3 (Fortsetzung): a) Erste Beratung des von der Bundesregierung eingebra
2026-09-09	Vizepräsidentin Josephine Ortleb		21/92	177	Tagesordnungspunkt 3 (Fortsetzung): a) Erste Beratung des von der Bundesregierung eingebra
2026-09-09	Dr. Wolfgang Stefinger	CDU/CSU	21/92	177	Tagesordnungspunkt 3 (Fortsetzung): a) Erste Beratung des von der Bundesregierung eingebra
2026-09-09	Vizepräsidentin Josephine Ortleb		21/92	177	Tagesordnungspunkt 3 (Fortsetzung): a) Erste Beratung des von der Bundesregierung eingebra
2026-09-09	Claudia Roth	BÜNDNIS 90/DIE GRÜNEN	21/92	177	Tagesordnungspunkt 3 (Fortsetzung): a) Erste Beratung des von der Bundesregierung eingebra
2026-09-09	Vizepräsidentin Josephine Ortleb		21/92	179	Tagesordnungspunkt 3 (Fortsetzung): a) Erste Beratung des von der Bundesregierung eingebra
2026-09-09	Claudia Roth	BÜNDNIS 90/DIE GRÜNEN	21/92	179	Tagesordnungspunkt 3 (Fortsetzung): a) Erste Beratung des von der Bundesregierung eingebra
2026-09-09	Vizepräsidentin Josephine Ortleb		21/92	179	Tagesordnungspunkt 3 (Fortsetzung): a) Erste Beratung des von der Bundesregierung eingebra
2026-09-09	Claudia Roth	BÜNDNIS 90/DIE GRÜNEN	21/92	179	Tagesordnungspunkt 3 (Fortsetzung): a) Erste Beratung des von der Bundesregierung eingebra
2026-09-09	Vizepräsidentin Josephine Ortleb		21/92	179	Tagesordnungspunkt 3 (Fortsetzung): a) Erste Beratung des von der Bundesregierung eingebra
2026-09-09	Serdar Yüksel	SPD	21/92	179	Tagesordnungspunkt 3 (Fortsetzung): a) Erste Beratung des von der Bundesregierung eingebra
2026-09-09	Vizepräsidentin Josephine Ortleb		21/92	180	Tagesordnungspunkt 3 (Fortsetzung): a) Erste Beratung des von der Bundesregierung eingebra
2026-09-09	Denis Pauli	AfD	21/92	180	Tagesordnungspunkt 3 (Fortsetzung): a) Erste Beratung des von der Bundesregierung eingebra
2026-09-09	Vizepräsidentin Josephine Ortleb		21/92	181	Tagesordnungspunkt 3 (Fortsetzung): a) Erste Beratung des von der Bundesregierung eingebra
2026-09-09	Denis Pauli	AfD	21/92	181	Tagesordnungspunkt 3 (Fortsetzung): a) Erste Beratung des von der Bundesregierung eingebra
2026-09-09	Vizepräsidentin Josephine Ortleb		21/92	181	Tagesordnungspunkt 3 (Fortsetzung): a) Erste Beratung des von der Bundesregierung eingebra
2026-09-09	Johannes Volkmann	CDU/CSU	21/92	181	Tagesordnungspunkt 3 (Fortsetzung): a) Erste Beratung des von der Bundesregierung eingebra
2026-09-09	Vizepräsidentin Josephine Ortleb		21/92	182	Tagesordnungspunkt 3 (Fortsetzung): a) Erste Beratung des von der Bundesregierung eingebra
2026-09-09	Johannes Volkmann	CDU/CSU	21/92	182	Tagesordnungspunkt 3 (Fortsetzung): a) Erste Beratung des von der Bundesregierung eingebra
2026-09-09	Vizepräsidentin Josephine Ortleb		21/92	182	Tagesordnungspunkt 3 (Fortsetzung): a) Erste Beratung des von der Bundesregierung eingebra
2026-09-09	Gerne. Johannes Volkmann	CDU/CSU	21/92	182	Tagesordnungspunkt 3 (Fortsetzung): a) Erste Beratung des von der Bundesregierung eingebra
2026-09-09	Vizepräsidentin Josephine Ortleb		21/92	183	Tagesordnungspunkt 3 (Fortsetzung): a) Erste Beratung des von der Bundesregierung eingebra
2026-09-09	Dr. Jan-Niclas Gesenhues	BÜNDNIS 90/DIE GRÜNEN	21/92	183	Tagesordnungspunkt 3 (Fortsetzung): a) Erste Beratung des von der Bundesregierung eingebra
2026-09-09	Vizepräsidentin Josephine Ortleb		21/92	184	Tagesordnungspunkt 3 (Fortsetzung): a) Erste Beratung des von der Bundesregierung eingebra
2026-09-09	Johannes Volkmann	CDU/CSU	21/92	184	Tagesordnungspunkt 3 (Fortsetzung): a) Erste Beratung des von der Bundesregierung eingebra
2026-09-09	Vizepräsidentin Josephine Ortleb		21/92	185	Tagesordnungspunkt 3 (Fortsetzung): a) Erste Beratung des von der Bundesregierung eingebra
2026-09-09	Johann Martel	AfD	21/92	185	Tagesordnungspunkt 3 (Fortsetzung): a) Erste Beratung des von der Bundesregierung eingebra
2026-09-09	Vizepräsidentin Josephine Ortleb		21/92	186	Tagesordnungspunkt 3 (Fortsetzung): a) Erste Beratung des von der Bundesregierung eingebra
2026-09-09	Thomas Rachel	CDU/CSU	21/92	186	Tagesordnungspunkt 3 (Fortsetzung): a) Erste Beratung des von der Bundesregierung eingebra
2026-09-09	Vizepräsidentin Josephine Ortleb		21/92	187	Tagesordnungspunkt 3 (Fortsetzung): a) Erste Beratung des von der Bundesregierung eingebra
2026-09-09	Jens Spahn	CDU/CSU	21/92	187	Tagesordnungspunkt 3 (Fortsetzung): a) Erste Beratung des von der Bundesregierung eingebra
2026-09-09	Vizepräsidentin Josephine Ortleb		21/92	188	Tagesordnungspunkt 3 (Fortsetzung): a) Erste Beratung des von der Bundesregierung eingebra
2026-09-08	Präsidentin Julia Klöckner		21/91	2	Tagesordnungspunkt 4: Erste Beratung des von der Bundesregierung eingebrachten Entwurfs ei
2026-09-08	Präsidentin Julia Klöckner		21/91	4	Tagesordnungspunkt 4: Erste Beratung des von der Bundesregierung eingebrachten Entwurfs ei
2026-09-08	Präsidentin Julia Klöckner		21/91	4	Tagesordnungspunkt 4: Erste Beratung des von der Bundesregierung eingebrachten Entwurfs ei
2026-09-08	Präsidentin Julia Klöckner		21/91	11	Tagesordnungspunkt 4: Erste Beratung des von der Bundesregierung eingebrachten Entwurfs ei
2026-09-08	Präsidentin Julia Klöckner		21/91	17	Tagesordnungspunkt 4: Erste Beratung des von der Bundesregierung eingebrachten Entwurfs ei
2026-09-08	Dr. Michael Espendiller	AfD	21/91	18	Tagesordnungspunkt 4: Erste Beratung des von der Bundesregierung eingebrachten Entwurfs ei
2026-09-08	Präsidentin Julia Klöckner		21/91	22	Tagesordnungspunkt 4: Erste Beratung des von der Bundesregierung eingebrachten Entwurfs ei
2026-09-08	Dr. Mathias Middelberg	CDU/CSU	21/91	22	Tagesordnungspunkt 4: Erste Beratung des von der Bundesregierung eingebrachten Entwurfs ei
2026-09-08	Präsidentin Julia Klöckner		21/91	22	Tagesordnungspunkt 4: Erste Beratung des von der Bundesregierung eingebrachten Entwurfs ei
2026-09-08	Dr. Mathias Middelberg	CDU/CSU	21/91	22	Tagesordnungspunkt 4: Erste Beratung des von der Bundesregierung eingebrachten Entwurfs ei
2026-09-08	Präsidentin Julia Klöckner		21/91	26	Tagesordnungspunkt 4: Erste Beratung des von der Bundesregierung eingebrachten Entwurfs ei
2026-09-08	Dr. Sebastian Schäfer	BÜNDNIS 90/DIE GRÜNEN	21/91	26	Tagesordnungspunkt 4: Erste Beratung des von der Bundesregierung eingebrachten Entwurfs ei
2026-09-08	Präsidentin Julia Klöckner		21/91	27	Tagesordnungspunkt 4: Erste Beratung des von der Bundesregierung eingebrachten Entwurfs ei
2026-09-08	Dr. Thorsten Rudolph	SPD	21/91	27	Tagesordnungspunkt 4: Erste Beratung des von der Bundesregierung eingebrachten Entwurfs ei
2026-09-08	Präsidentin Julia Klöckner		21/91	29	Tagesordnungspunkt 4: Erste Beratung des von der Bundesregierung eingebrachten Entwurfs ei
2026-09-08	Dr. Dietmar Bartsch	Die Linke	21/91	29	Tagesordnungspunkt 4: Erste Beratung des von der Bundesregierung eingebrachten Entwurfs ei
2026-09-08	Präsidentin Julia Klöckner		21/91	33	Tagesordnungspunkt 4: Erste Beratung des von der Bundesregierung eingebrachten Entwurfs ei
2026-09-08	Christian Haase	CDU/CSU	21/91	33	Tagesordnungspunkt 4: Erste Beratung des von der Bundesregierung eingebrachten Entwurfs ei
2026-09-08	Präsidentin Julia Klöckner		21/91	35	Tagesordnungspunkt 4: Erste Beratung des von der Bundesregierung eingebrachten Entwurfs ei
2026-09-08	Georg Schroeter	AfD	21/91	35	Tagesordnungspunkt 4: Erste Beratung des von der Bundesregierung eingebrachten Entwurfs ei
2026-09-08	Präsidentin Julia Klöckner		21/91	36	Tagesordnungspunkt 4: Erste Beratung des von der Bundesregierung eingebrachten Entwurfs ei
2026-09-08	Kathrin Michel	SPD	21/91	36	Tagesordnungspunkt 4: Erste Beratung des von der Bundesregierung eingebrachten Entwurfs ei
2026-09-08	Präsidentin Julia Klöckner		21/91	37	Tagesordnungspunkt 4: Erste Beratung des von der Bundesregierung eingebrachten Entwurfs ei
2026-09-08	Claudia Müller	BÜNDNIS 90/DIE GRÜNEN	21/91	37	Tagesordnungspunkt 4: Erste Beratung des von der Bundesregierung eingebrachten Entwurfs ei
2026-09-08	Präsidentin Julia Klöckner		21/91	38	Tagesordnungspunkt 4: Erste Beratung des von der Bundesregierung eingebrachten Entwurfs ei
2026-09-08	Claudia Müller	BÜNDNIS 90/DIE GRÜNEN	21/91	38	Tagesordnungspunkt 4: Erste Beratung des von der Bundesregierung eingebrachten Entwurfs ei
2026-09-08	Präsidentin Julia Klöckner		21/91	39	Tagesordnungspunkt 4: Erste Beratung des von der Bundesregierung eingebrachten Entwurfs ei
2026-09-08	Florian Oßner	CDU/CSU	21/91	39	Tagesordnungspunkt 4: Erste Beratung des von der Bundesregierung eingebrachten Entwurfs ei
2026-09-08	Präsidentin Julia Klöckner		21/91	41	Tagesordnungspunkt 4: Erste Beratung des von der Bundesregierung eingebrachten Entwurfs ei
2026-09-08	Wolfgang Wiehle	AfD	21/91	41	Tagesordnungspunkt 4: Erste Beratung des von der Bundesregierung eingebrachten Entwurfs ei
2026-09-08	Präsidentin Julia Klöckner		21/91	43	Tagesordnungspunkt 4: Erste Beratung des von der Bundesregierung eingebrachten Entwurfs ei
2026-09-08	Vizepräsidentin Andrea Lindholz		21/91	44	Tagesordnungspunkt 4: Erste Beratung des von der Bundesregierung eingebrachten Entwurfs ei
2026-09-08	Katharina Beck	BÜNDNIS 90/DIE GRÜNEN	21/91	45	Tagesordnungspunkt 4: Erste Beratung des von der Bundesregierung eingebrachten Entwurfs ei
2026-09-08	Vizepräsidentin Andrea Lindholz		21/91	46	Tagesordnungspunkt 4: Erste Beratung des von der Bundesregierung eingebrachten Entwurfs ei
2026-09-08	Katharina Beck	BÜNDNIS 90/DIE GRÜNEN	21/91	46	Tagesordnungspunkt 4: Erste Beratung des von der Bundesregierung eingebrachten Entwurfs ei
2026-09-08	Vizepräsidentin Andrea Lindholz		21/91	46	Tagesordnungspunkt 4: Erste Beratung des von der Bundesregierung eingebrachten Entwurfs ei
2026-09-08	Katharina Beck	BÜNDNIS 90/DIE GRÜNEN	21/91	46	Tagesordnungspunkt 4: Erste Beratung des von der Bundesregierung eingebrachten Entwurfs ei
2026-09-08	Vizepräsidentin Andrea Lindholz		21/91	46	Tagesordnungspunkt 4: Erste Beratung des von der Bundesregierung eingebrachten Entwurfs ei
2026-09-08	Dr. Matthias Hiller	CDU/CSU	21/91	46	Tagesordnungspunkt 4: Erste Beratung des von der Bundesregierung eingebrachten Entwurfs ei
2026-09-08	Vizepräsidentin Andrea Lindholz		21/91	49	Tagesordnungspunkt 4: Erste Beratung des von der Bundesregierung eingebrachten Entwurfs ei
2026-09-08	Frauke Heiligenstadt	SPD	21/91	49	Tagesordnungspunkt 4: Erste Beratung des von der Bundesregierung eingebrachten Entwurfs ei
2026-09-08	Vizepräsidentin Andrea Lindholz		21/91	50	Tagesordnungspunkt 4: Erste Beratung des von der Bundesregierung eingebrachten Entwurfs ei
2026-09-08	Vizepräsidentin Andrea Lindholz		21/91	54	Tagesordnungspunkt 4: Erste Beratung des von der Bundesregierung eingebrachten Entwurfs ei
2026-09-08	Wolfgang Wiehle	AfD	21/91	54	Tagesordnungspunkt 4: Erste Beratung des von der Bundesregierung eingebrachten Entwurfs ei
2026-09-08	Vizepräsidentin Andrea Lindholz		21/91	55	Tagesordnungspunkt 4: Erste Beratung des von der Bundesregierung eingebrachten Entwurfs ei
2026-09-08	Isabel Cademartori	SPD	21/91	55	Tagesordnungspunkt 4: Erste Beratung des von der Bundesregierung eingebrachten Entwurfs ei
2026-09-08	Vizepräsidentin Andrea Lindholz		21/91	57	Tagesordnungspunkt 4: Erste Beratung des von der Bundesregierung eingebrachten Entwurfs ei
2026-09-08	Isabel Cademartori	SPD	21/91	57	Tagesordnungspunkt 4: Erste Beratung des von der Bundesregierung eingebrachten Entwurfs ei
2026-09-08	Vizepräsidentin Andrea Lindholz		21/91	57	Tagesordnungspunkt 4: Erste Beratung des von der Bundesregierung eingebrachten Entwurfs ei
2026-09-08	Tarek Al-Wazir	BÜNDNIS 90/DIE GRÜNEN	21/91	57	Tagesordnungspunkt 4: Erste Beratung des von der Bundesregierung eingebrachten Entwurfs ei
2026-09-08	Vizepräsidentin Andrea Lindholz		21/91	58	Tagesordnungspunkt 4: Erste Beratung des von der Bundesregierung eingebrachten Entwurfs ei
2026-09-08	Sascha Wagner	Die Linke	21/91	58	Tagesordnungspunkt 4: Erste Beratung des von der Bundesregierung eingebrachten Entwurfs ei
2026-09-08	Vizepräsidentin Andrea Lindholz		21/91	60	Tagesordnungspunkt 4: Erste Beratung des von der Bundesregierung eingebrachten Entwurfs ei
2026-09-08	Stephan Stracke	CDU/CSU	21/91	60	Tagesordnungspunkt 4: Erste Beratung des von der Bundesregierung eingebrachten Entwurfs ei
2026-09-08	Vizepräsidentin Andrea Lindholz		21/91	61	Tagesordnungspunkt 4: Erste Beratung des von der Bundesregierung eingebrachten Entwurfs ei
2026-09-08	Marcus Bühl	AfD	21/91	61	Tagesordnungspunkt 4: Erste Beratung des von der Bundesregierung eingebrachten Entwurfs ei
2026-09-08	Vizepräsidentin Andrea Lindholz		21/91	63	Tagesordnungspunkt 4: Erste Beratung des von der Bundesregierung eingebrachten Entwurfs ei
2026-09-08	Truels Reichardt	SPD	21/91	63	Tagesordnungspunkt 4: Erste Beratung des von der Bundesregierung eingebrachten Entwurfs ei
2026-09-08	Vizepräsidentin Andrea Lindholz		21/91	64	Tagesordnungspunkt 4: Erste Beratung des von der Bundesregierung eingebrachten Entwurfs ei
2026-09-08	Matthias Gastel	BÜNDNIS 90/DIE GRÜNEN	21/91	64	Tagesordnungspunkt 4: Erste Beratung des von der Bundesregierung eingebrachten Entwurfs ei
2026-09-08	Vizepräsidentin Andrea Lindholz		21/91	65	Tagesordnungspunkt 4: Erste Beratung des von der Bundesregierung eingebrachten Entwurfs ei
2026-09-08	Jorrit Bosch	Die Linke	21/91	66	Tagesordnungspunkt 4: Erste Beratung des von der Bundesregierung eingebrachten Entwurfs ei
2026-09-08	Vizepräsidentin Andrea Lindholz		21/91	67	Tagesordnungspunkt 4: Erste Beratung des von der Bundesregierung eingebrachten Entwurfs ei
2026-09-08	Carl-Philipp Sassenrath	CDU/CSU	21/91	67	Tagesordnungspunkt 4: Erste Beratung des von der Bundesregierung eingebrachten Entwurfs ei
2026-09-08	Vizepräsidentin Andrea Lindholz		21/91	69	Tagesordnungspunkt 4: Erste Beratung des von der Bundesregierung eingebrachten Entwurfs ei
2026-09-08	Stefan Henze	AfD	21/91	69	Tagesordnungspunkt 4: Erste Beratung des von der Bundesregierung eingebrachten Entwurfs ei
2026-09-08	Vizepräsidentin Andrea Lindholz		21/91	71	Tagesordnungspunkt 4: Erste Beratung des von der Bundesregierung eingebrachten Entwurfs ei
2026-09-08	Anja Troff-Schaffarzyk	SPD	21/91	71	Tagesordnungspunkt 4: Erste Beratung des von der Bundesregierung eingebrachten Entwurfs ei
2026-09-08	Vizepräsidentin Andrea Lindholz		21/91	72	Tagesordnungspunkt 4: Erste Beratung des von der Bundesregierung eingebrachten Entwurfs ei
2026-09-08	Dr. Paula Piechotta	BÜNDNIS 90/DIE GRÜNEN	21/91	72	Tagesordnungspunkt 4: Erste Beratung des von der Bundesregierung eingebrachten Entwurfs ei
2026-09-08	Vizepräsidentin Andrea Lindholz		21/91	73	Tagesordnungspunkt 4: Erste Beratung des von der Bundesregierung eingebrachten Entwurfs ei
2026-09-08	Dr. Paula Piechotta	BÜNDNIS 90/DIE GRÜNEN	21/91	73	Tagesordnungspunkt 4: Erste Beratung des von der Bundesregierung eingebrachten Entwurfs ei
2026-09-08	Vizepräsidentin Andrea Lindholz		21/91	73	Tagesordnungspunkt 4: Erste Beratung des von der Bundesregierung eingebrachten Entwurfs ei
2026-09-08	Carl-Philipp Sassenrath	CDU/CSU	21/91	73	Tagesordnungspunkt 4: Erste Beratung des von der Bundesregierung eingebrachten Entwurfs ei
2026-09-08	Dr. Paula Piechotta	BÜNDNIS 90/DIE GRÜNEN	21/91	73	Tagesordnungspunkt 4: Erste Beratung des von der Bundesregierung eingebrachten Entwurfs ei
2026-09-08	Vizepräsidentin Andrea Lindholz		21/91	74	Tagesordnungspunkt 4: Erste Beratung des von der Bundesregierung eingebrachten Entwurfs ei
2026-09-08	Dr. Paula Piechotta	BÜNDNIS 90/DIE GRÜNEN	21/91	74	Tagesordnungspunkt 4: Erste Beratung des von der Bundesregierung eingebrachten Entwurfs ei
2026-09-08	Vizepräsidentin Andrea Lindholz		21/91	75	Tagesordnungspunkt 4: Erste Beratung des von der Bundesregierung eingebrachten Entwurfs ei
2026-09-08	Henning Rehbaum	CDU/CSU	21/91	75	Tagesordnungspunkt 4: Erste Beratung des von der Bundesregierung eingebrachten Entwurfs ei
2026-09-08	Vizepräsidentin Andrea Lindholz		21/91	76	Tagesordnungspunkt 4: Erste Beratung des von der Bundesregierung eingebrachten Entwurfs ei
2026-09-08	Henning Rehbaum	CDU/CSU	21/91	76	Tagesordnungspunkt 4: Erste Beratung des von der Bundesregierung eingebrachten Entwurfs ei
2026-09-08	Vizepräsidentin Andrea Lindholz		21/91	77	Tagesordnungspunkt 4: Erste Beratung des von der Bundesregierung eingebrachten Entwurfs ei
2026-09-08	Dr. Rainer Kraft	AfD	21/91	77	Tagesordnungspunkt 4: Erste Beratung des von der Bundesregierung eingebrachten Entwurfs ei
2026-09-08	Henning Rehbaum	CDU/CSU	21/91	77	Tagesordnungspunkt 4: Erste Beratung des von der Bundesregierung eingebrachten Entwurfs ei
2026-09-08	Vizepräsidentin Andrea Lindholz		21/91	78	Tagesordnungspunkt 4: Erste Beratung des von der Bundesregierung eingebrachten Entwurfs ei
2026-09-08	René Bochmann	AfD	21/91	78	Tagesordnungspunkt 4: Erste Beratung des von der Bundesregierung eingebrachten Entwurfs ei
2026-09-08	Vizepräsidentin Andrea Lindholz		21/91	79	Tagesordnungspunkt 4: Erste Beratung des von der Bundesregierung eingebrachten Entwurfs ei
2026-09-08	Stefan Seidler	fraktionslos	21/91	79	Tagesordnungspunkt 4: Erste Beratung des von der Bundesregierung eingebrachten Entwurfs ei
2026-09-08	Vizepräsidentin Andrea Lindholz		21/91	80	Tagesordnungspunkt 4: Erste Beratung des von der Bundesregierung eingebrachten Entwurfs ei
2026-09-08	Uwe Schmidt	SPD	21/91	80	Tagesordnungspunkt 4: Erste Beratung des von der Bundesregierung eingebrachten Entwurfs ei
2026-09-08	Vizepräsidentin Andrea Lindholz		21/91	82	Tagesordnungspunkt 4: Erste Beratung des von der Bundesregierung eingebrachten Entwurfs ei
2026-09-08	Uwe Schmidt	SPD	21/91	82	Tagesordnungspunkt 4: Erste Beratung des von der Bundesregierung eingebrachten Entwurfs ei
2026-09-08	Vizepräsidentin Andrea Lindholz		21/91	82	Tagesordnungspunkt 4: Erste Beratung des von der Bundesregierung eingebrachten Entwurfs ei
2026-09-08	Alexis L. Giersch	AfD	21/91	82	Tagesordnungspunkt 4: Erste Beratung des von der Bundesregierung eingebrachten Entwurfs ei
2026-09-08	Vizepräsidentin Andrea Lindholz		21/91	83	Tagesordnungspunkt 4: Erste Beratung des von der Bundesregierung eingebrachten Entwurfs ei
2026-09-08	Florian Oßner	CDU/CSU	21/91	83	Tagesordnungspunkt 4: Erste Beratung des von der Bundesregierung eingebrachten Entwurfs ei
2026-09-08	Vizepräsidentin Andrea Lindholz		21/91	85	Tagesordnungspunkt 4: Erste Beratung des von der Bundesregierung eingebrachten Entwurfs ei
2026-09-08	Vizepräsident Omid Nouripour		21/91	87	Tagesordnungspunkt 4: Erste Beratung des von der Bundesregierung eingebrachten Entwurfs ei
2026-09-08	Vizepräsident Omid Nouripour		21/91	87	Tagesordnungspunkt 4: Erste Beratung des von der Bundesregierung eingebrachten Entwurfs ei
2026-09-08	Vizepräsident Omid Nouripour		21/91	89	Tagesordnungspunkt 4: Erste Beratung des von der Bundesregierung eingebrachten Entwurfs ei
2026-09-08	Georg Schroeter	AfD	21/91	89	Tagesordnungspunkt 4: Erste Beratung des von der Bundesregierung eingebrachten Entwurfs ei
2026-09-08	Vizepräsident Omid Nouripour		21/91	90	Tagesordnungspunkt 4: Erste Beratung des von der Bundesregierung eingebrachten Entwurfs ei
2026-09-08	Georg Schroeter	AfD	21/91	90	Tagesordnungspunkt 4: Erste Beratung des von der Bundesregierung eingebrachten Entwurfs ei
2026-09-08	Vizepräsident Omid Nouripour		21/91	90	Tagesordnungspunkt 4: Erste Beratung des von der Bundesregierung eingebrachten Entwurfs ei
2026-09-08	Georg Schroeter	AfD	21/91	90	Tagesordnungspunkt 4: Erste Beratung des von der Bundesregierung eingebrachten Entwurfs ei
2026-09-08	Vizepräsident Omid Nouripour		21/91	90	Tagesordnungspunkt 4: Erste Beratung des von der Bundesregierung eingebrachten Entwurfs ei
2026-09-08	Mark Helfrich	CDU/CSU	21/91	90	Tagesordnungspunkt 4: Erste Beratung des von der Bundesregierung eingebrachten Entwurfs ei
2026-09-08	Vizepräsident Omid Nouripour		21/91	91	Tagesordnungspunkt 4: Erste Beratung des von der Bundesregierung eingebrachten Entwurfs ei
2026-09-08	Mark Helfrich	CDU/CSU	21/91	91	Tagesordnungspunkt 4: Erste Beratung des von der Bundesregierung eingebrachten Entwurfs ei
2026-09-08	Lorenz Gösta Beutin	Die Linke	21/91	91	Tagesordnungspunkt 4: Erste Beratung des von der Bundesregierung eingebrachten Entwurfs ei
2026-09-08	Mark Helfrich	CDU/CSU	21/91	91	Tagesordnungspunkt 4: Erste Beratung des von der Bundesregierung eingebrachten Entwurfs ei
2026-09-08	Vizepräsident Omid Nouripour		21/91	93	Tagesordnungspunkt 4: Erste Beratung des von der Bundesregierung eingebrachten Entwurfs ei
2026-09-08	Claudia Müller	BÜNDNIS 90/DIE GRÜNEN	21/91	93	Tagesordnungspunkt 4: Erste Beratung des von der Bundesregierung eingebrachten Entwurfs ei
2026-09-08	Vizepräsident Omid Nouripour		21/91	95	Tagesordnungspunkt 4: Erste Beratung des von der Bundesregierung eingebrachten Entwurfs ei
2026-09-08	Lorenz Gösta Beutin	Die Linke	21/91	95	Tagesordnungspunkt 4: Erste Beratung des von der Bundesregierung eingebrachten Entwurfs ei
2026-09-08	Vizepräsident Omid Nouripour		21/91	96	Tagesordnungspunkt 4: Erste Beratung des von der Bundesregierung eingebrachten Entwurfs ei
2026-09-08	Christoph Schmid	SPD	21/91	96	Tagesordnungspunkt 4: Erste Beratung des von der Bundesregierung eingebrachten Entwurfs ei
2026-09-08	Vizepräsident Omid Nouripour		21/91	97	Tagesordnungspunkt 4: Erste Beratung des von der Bundesregierung eingebrachten Entwurfs ei
2026-09-08	Christoph Schmid	SPD	21/91	97	Tagesordnungspunkt 4: Erste Beratung des von der Bundesregierung eingebrachten Entwurfs ei
2026-09-08	Lorenz Gösta Beutin	Die Linke	21/91	97	Tagesordnungspunkt 4: Erste Beratung des von der Bundesregierung eingebrachten Entwurfs ei
2026-09-08	Christoph Schmid	SPD	21/91	97	Tagesordnungspunkt 4: Erste Beratung des von der Bundesregierung eingebrachten Entwurfs ei
2026-09-08	Vizepräsident Omid Nouripour		21/91	98	Tagesordnungspunkt 4: Erste Beratung des von der Bundesregierung eingebrachten Entwurfs ei
2026-09-08	Christoph Schmid	SPD	21/91	98	Tagesordnungspunkt 4: Erste Beratung des von der Bundesregierung eingebrachten Entwurfs ei
2026-09-08	Vizepräsident Omid Nouripour		21/91	98	Tagesordnungspunkt 4: Erste Beratung des von der Bundesregierung eingebrachten Entwurfs ei
2026-09-08	Christoph Schmid	SPD	21/91	98	Tagesordnungspunkt 4: Erste Beratung des von der Bundesregierung eingebrachten Entwurfs ei
2026-09-08	Christoph Schmid	SPD	21/91	98	Tagesordnungspunkt 4: Erste Beratung des von der Bundesregierung eingebrachten Entwurfs ei
2026-09-08	Vizepräsident Omid Nouripour		21/91	99	Tagesordnungspunkt 4: Erste Beratung des von der Bundesregierung eingebrachten Entwurfs ei
2026-09-08	Dr. Rainer Kraft	AfD	21/91	99	Tagesordnungspunkt 4: Erste Beratung des von der Bundesregierung eingebrachten Entwurfs ei
2026-09-08	Vizepräsident Omid Nouripour		21/91	100	Tagesordnungspunkt 4: Erste Beratung des von der Bundesregierung eingebrachten Entwurfs ei
2026-09-08	Christoph Schmid	SPD	21/91	100	Tagesordnungspunkt 4: Erste Beratung des von der Bundesregierung eingebrachten Entwurfs ei
2026-09-08	Vizepräsident Omid Nouripour		21/91	100	Tagesordnungspunkt 4: Erste Beratung des von der Bundesregierung eingebrachten Entwurfs ei
2026-09-08	Karsten Hilse	AfD	21/91	100	Tagesordnungspunkt 4: Erste Beratung des von der Bundesregierung eingebrachten Entwurfs ei
2026-09-08	Vizepräsident Omid Nouripour		21/91	102	Tagesordnungspunkt 4: Erste Beratung des von der Bundesregierung eingebrachten Entwurfs ei
2026-09-08	Karsten Hilse	AfD	21/91	102	Tagesordnungspunkt 4: Erste Beratung des von der Bundesregierung eingebrachten Entwurfs ei
2026-09-08	Vizepräsident Omid Nouripour		21/91	102	Tagesordnungspunkt 4: Erste Beratung des von der Bundesregierung eingebrachten Entwurfs ei
2026-09-08	Bitte. Karsten Hilse	AfD	21/91	102	Tagesordnungspunkt 4: Erste Beratung des von der Bundesregierung eingebrachten Entwurfs ei
2026-09-08	Vizepräsident Omid Nouripour		21/91	102	Tagesordnungspunkt 4: Erste Beratung des von der Bundesregierung eingebrachten Entwurfs ei
2026-09-08	Karsten Hilse	AfD	21/91	102	Tagesordnungspunkt 4: Erste Beratung des von der Bundesregierung eingebrachten Entwurfs ei
2026-09-08	Vizepräsident Omid Nouripour		21/91	102	Tagesordnungspunkt 4: Erste Beratung des von der Bundesregierung eingebrachten Entwurfs ei
2026-09-08	Christian Moser	CDU/CSU	21/91	102	Tagesordnungspunkt 4: Erste Beratung des von der Bundesregierung eingebrachten Entwurfs ei
2026-09-08	Vizepräsident Omid Nouripour		21/91	104	Tagesordnungspunkt 4: Erste Beratung des von der Bundesregierung eingebrachten Entwurfs ei
2026-09-08	Christian Moser	CDU/CSU	21/91	104	Tagesordnungspunkt 4: Erste Beratung des von der Bundesregierung eingebrachten Entwurfs ei
2026-09-08	Vizepräsident Omid Nouripour		21/91	104	Tagesordnungspunkt 4: Erste Beratung des von der Bundesregierung eingebrachten Entwurfs ei
2026-09-08	Christian Moser	CDU/CSU	21/91	104	Tagesordnungspunkt 4: Erste Beratung des von der Bundesregierung eingebrachten Entwurfs ei
2026-09-08	Vizepräsident Omid Nouripour		21/91	104	Tagesordnungspunkt 4: Erste Beratung des von der Bundesregierung eingebrachten Entwurfs ei
2026-09-08	Dr. Jan-Niclas Gesenhues	BÜNDNIS 90/DIE GRÜNEN	21/91	104	Tagesordnungspunkt 4: Erste Beratung des von der Bundesregierung eingebrachten Entwurfs ei
2026-09-08	Vizepräsident Omid Nouripour		21/91	106	Tagesordnungspunkt 4: Erste Beratung des von der Bundesregierung eingebrachten Entwurfs ei
2026-09-08	Dr. Fabian Fahl	Die Linke	21/91	106	Tagesordnungspunkt 4: Erste Beratung des von der Bundesregierung eingebrachten Entwurfs ei
2026-09-08	Vizepräsident Omid Nouripour		21/91	107	Tagesordnungspunkt 4: Erste Beratung des von der Bundesregierung eingebrachten Entwurfs ei
2026-09-08	Esra Limbacher	SPD	21/91	107	Tagesordnungspunkt 4: Erste Beratung des von der Bundesregierung eingebrachten Entwurfs ei
2026-09-08	Vizepräsident Omid Nouripour		21/91	108	Tagesordnungspunkt 4: Erste Beratung des von der Bundesregierung eingebrachten Entwurfs ei
2026-09-08	Esra Limbacher	SPD	21/91	108	Tagesordnungspunkt 4: Erste Beratung des von der Bundesregierung eingebrachten Entwurfs ei
2026-09-08	Vizepräsident Omid Nouripour		21/91	108	Tagesordnungspunkt 4: Erste Beratung des von der Bundesregierung eingebrachten Entwurfs ei
2026-09-08	Dr. Paul Schmidt	AfD	21/91	108	Tagesordnungspunkt 4: Erste Beratung des von der Bundesregierung eingebrachten Entwurfs ei
2026-09-08	Vizepräsident Omid Nouripour		21/91	110	Tagesordnungspunkt 4: Erste Beratung des von der Bundesregierung eingebrachten Entwurfs ei
2026-09-08	Dr. Reza Asghari	CDU/CSU	21/91	110	Tagesordnungspunkt 4: Erste Beratung des von der Bundesregierung eingebrachten Entwurfs ei
2026-09-08	Vizepräsident Omid Nouripour		21/91	111	Tagesordnungspunkt 4: Erste Beratung des von der Bundesregierung eingebrachten Entwurfs ei
2026-09-08	Dr. Reza Asghari	CDU/CSU	21/91	111	Tagesordnungspunkt 4: Erste Beratung des von der Bundesregierung eingebrachten Entwurfs ei
2026-09-08	Vizepräsident Omid Nouripour		21/91	111	Tagesordnungspunkt 4: Erste Beratung des von der Bundesregierung eingebrachten Entwurfs ei
2026-09-08	Dr. Reza Asghari	CDU/CSU	21/91	111	Tagesordnungspunkt 4: Erste Beratung des von der Bundesregierung eingebrachten Entwurfs ei
2026-09-08	Vizepräsident Omid Nouripour		21/91	111	Tagesordnungspunkt 4: Erste Beratung des von der Bundesregierung eingebrachten Entwurfs ei
2026-09-08	Karsten Hilse	AfD	21/91	111	Tagesordnungspunkt 4: Erste Beratung des von der Bundesregierung eingebrachten Entwurfs ei
2026-09-08	Vizepräsident Omid Nouripour		21/91	112	Tagesordnungspunkt 4: Erste Beratung des von der Bundesregierung eingebrachten Entwurfs ei
2026-09-08	Dr. Reza Asghari	CDU/CSU	21/91	112	Tagesordnungspunkt 4: Erste Beratung des von der Bundesregierung eingebrachten Entwurfs ei
2026-09-08	Vizepräsident Omid Nouripour		21/91	113	Tagesordnungspunkt 4: Erste Beratung des von der Bundesregierung eingebrachten Entwurfs ei
2026-09-08	Julia Schneider	BÜNDNIS 90/DIE GRÜNEN	21/91	113	Tagesordnungspunkt 4: Erste Beratung des von der Bundesregierung eingebrachten Entwurfs ei
2026-09-08	Vizepräsident Omid Nouripour		21/91	113	Tagesordnungspunkt 4: Erste Beratung des von der Bundesregierung eingebrachten Entwurfs ei
2026-09-08	Julia Schneider	BÜNDNIS 90/DIE GRÜNEN	21/91	113	Tagesordnungspunkt 4: Erste Beratung des von der Bundesregierung eingebrachten Entwurfs ei
2026-09-08	Vizepräsident Omid Nouripour		21/91	114	Tagesordnungspunkt 4: Erste Beratung des von der Bundesregierung eingebrachten Entwurfs ei
2026-09-08	Violetta Bock	Die Linke	21/91	114	Tagesordnungspunkt 4: Erste Beratung des von der Bundesregierung eingebrachten Entwurfs ei
2026-09-08	Vizepräsident Omid Nouripour		21/91	115	Tagesordnungspunkt 4: Erste Beratung des von der Bundesregierung eingebrachten Entwurfs ei
2026-09-08	Vielen Dank. Violetta Bock	Die Linke	21/91	115	Tagesordnungspunkt 4: Erste Beratung des von der Bundesregierung eingebrachten Entwurfs ei
2026-09-08	Vizepräsident Omid Nouripour		21/91	115	Tagesordnungspunkt 4: Erste Beratung des von der Bundesregierung eingebrachten Entwurfs ei
2026-09-08	Vielen Dank. Violetta Bock	Die Linke	21/91	115	Tagesordnungspunkt 4: Erste Beratung des von der Bundesregierung eingebrachten Entwurfs ei
2026-09-08	Vizepräsident Omid Nouripour		21/91	115	Tagesordnungspunkt 4: Erste Beratung des von der Bundesregierung eingebrachten Entwurfs ei
2026-09-08	Anna Aeikens	CDU/CSU	21/91	115	Tagesordnungspunkt 4: Erste Beratung des von der Bundesregierung eingebrachten Entwurfs ei
2026-09-08	Vizepräsident Omid Nouripour		21/91	116	Tagesordnungspunkt 4: Erste Beratung des von der Bundesregierung eingebrachten Entwurfs ei
2026-09-08	Marcel Queckemeyer	AfD	21/91	116	Tagesordnungspunkt 4: Erste Beratung des von der Bundesregierung eingebrachten Entwurfs ei
2026-09-08	Vizepräsident Omid Nouripour		21/91	117	Tagesordnungspunkt 4: Erste Beratung des von der Bundesregierung eingebrachten Entwurfs ei
2026-09-08	Marcel Queckemeyer	AfD	21/91	118	Tagesordnungspunkt 4: Erste Beratung des von der Bundesregierung eingebrachten Entwurfs ei
2026-09-08	Vizepräsident Omid Nouripour		21/91	118	Tagesordnungspunkt 4: Erste Beratung des von der Bundesregierung eingebrachten Entwurfs ei
2026-09-08	Marcel Queckemeyer	AfD	21/91	118	Tagesordnungspunkt 4: Erste Beratung des von der Bundesregierung eingebrachten Entwurfs ei
2026-09-08	Vizepräsident Omid Nouripour		21/91	118	Tagesordnungspunkt 4: Erste Beratung des von der Bundesregierung eingebrachten Entwurfs ei
2026-09-08	Dr. Thomas Gebhart	CDU/CSU	21/91	118	Tagesordnungspunkt 4: Erste Beratung des von der Bundesregierung eingebrachten Entwurfs ei
2026-09-08	Vizepräsident Omid Nouripour		21/91	119	Tagesordnungspunkt 4: Erste Beratung des von der Bundesregierung eingebrachten Entwurfs ei
2026-09-08	Dr. Michael Blos	AfD	21/91	119	Tagesordnungspunkt 4: Erste Beratung des von der Bundesregierung eingebrachten Entwurfs ei
2026-09-08	Vizepräsident Omid Nouripour		21/91	120	Tagesordnungspunkt 4: Erste Beratung des von der Bundesregierung eingebrachten Entwurfs ei
2026-09-08	Uwe Feiler	CDU/CSU	21/91	120	Tagesordnungspunkt 4: Erste Beratung des von der Bundesregierung eingebrachten Entwurfs ei
2026-09-08	Vizepräsident Omid Nouripour		21/91	123	Tagesordnungspunkt 4: Erste Beratung des von der Bundesregierung eingebrachten Entwurfs ei
2026-09-08	Vizepräsident Omid Nouripour		21/91	126	Tagesordnungspunkt 4: Erste Beratung des von der Bundesregierung eingebrachten Entwurfs ei
2026-09-08	Ruben Rupp	AfD	21/91	126	Tagesordnungspunkt 4: Erste Beratung des von der Bundesregierung eingebrachten Entwurfs ei
2026-09-08	Vizepräsident Bodo Ramelow		21/91	128	Tagesordnungspunkt 4: Erste Beratung des von der Bundesregierung eingebrachten Entwurfs ei
2026-09-08	Martin Gerster	SPD	21/91	128	Tagesordnungspunkt 4: Erste Beratung des von der Bundesregierung eingebrachten Entwurfs ei
2026-09-08	Vizepräsident Bodo Ramelow		21/91	130	Tagesordnungspunkt 4: Erste Beratung des von der Bundesregierung eingebrachten Entwurfs ei
2026-09-08	Ricarda Lang	BÜNDNIS 90/DIE GRÜNEN	21/91	130	Tagesordnungspunkt 4: Erste Beratung des von der Bundesregierung eingebrachten Entwurfs ei
2026-09-08	Vizepräsident Bodo Ramelow		21/91	132	Tagesordnungspunkt 4: Erste Beratung des von der Bundesregierung eingebrachten Entwurfs ei
2026-09-08	Sascha Wagner	Die Linke	21/91	132	Tagesordnungspunkt 4: Erste Beratung des von der Bundesregierung eingebrachten Entwurfs ei
2026-09-08	Vizepräsident Bodo Ramelow		21/91	134	Tagesordnungspunkt 4: Erste Beratung des von der Bundesregierung eingebrachten Entwurfs ei
2026-09-08	Ralph Brinkhaus	CDU/CSU	21/91	134	Tagesordnungspunkt 4: Erste Beratung des von der Bundesregierung eingebrachten Entwurfs ei
2026-09-08	Vizepräsident Bodo Ramelow		21/91	136	Tagesordnungspunkt 4: Erste Beratung des von der Bundesregierung eingebrachten Entwurfs ei
2026-09-08	Herr Abgeordneter. Ralph Brinkhaus	CDU/CSU	21/91	136	Tagesordnungspunkt 4: Erste Beratung des von der Bundesregierung eingebrachten Entwurfs ei
2026-09-08	Vizepräsident Bodo Ramelow		21/91	136	Tagesordnungspunkt 4: Erste Beratung des von der Bundesregierung eingebrachten Entwurfs ei
2026-09-08	Sergej Minich	AfD	21/91	136	Tagesordnungspunkt 4: Erste Beratung des von der Bundesregierung eingebrachten Entwurfs ei
2026-09-08	Vizepräsident Bodo Ramelow		21/91	138	Tagesordnungspunkt 4: Erste Beratung des von der Bundesregierung eingebrachten Entwurfs ei
2026-09-08	Armand Zorn	SPD	21/91	138	Tagesordnungspunkt 4: Erste Beratung des von der Bundesregierung eingebrachten Entwurfs ei
2026-09-08	Vizepräsident Bodo Ramelow		21/91	139	Tagesordnungspunkt 4: Erste Beratung des von der Bundesregierung eingebrachten Entwurfs ei
2026-09-08	Herr Abgeordneter. Armand Zorn	SPD	21/91	139	Tagesordnungspunkt 4: Erste Beratung des von der Bundesregierung eingebrachten Entwurfs ei
2026-09-08	Vizepräsident Bodo Ramelow		21/91	140	Tagesordnungspunkt 4: Erste Beratung des von der Bundesregierung eingebrachten Entwurfs ei
2026-09-08	Jeanne Dillschneider	BÜNDNIS 90/DIE GRÜNEN	21/91	140	Tagesordnungspunkt 4: Erste Beratung des von der Bundesregierung eingebrachten Entwurfs ei
2026-09-08	Vizepräsident Bodo Ramelow		21/91	140	Tagesordnungspunkt 4: Erste Beratung des von der Bundesregierung eingebrachten Entwurfs ei
2026-09-08	Jeanne Dillschneider	BÜNDNIS 90/DIE GRÜNEN	21/91	140	Tagesordnungspunkt 4: Erste Beratung des von der Bundesregierung eingebrachten Entwurfs ei
2026-09-08	Vizepräsident Bodo Ramelow		21/91	142	Tagesordnungspunkt 4: Erste Beratung des von der Bundesregierung eingebrachten Entwurfs ei
2026-09-08	Sebastian Maack	AfD	21/91	142	Tagesordnungspunkt 4: Erste Beratung des von der Bundesregierung eingebrachten Entwurfs ei
2026-09-08	Jeanne Dillschneider	BÜNDNIS 90/DIE GRÜNEN	21/91	142	Tagesordnungspunkt 4: Erste Beratung des von der Bundesregierung eingebrachten Entwurfs ei
2026-09-08	Vizepräsident Bodo Ramelow		21/91	142	Tagesordnungspunkt 4: Erste Beratung des von der Bundesregierung eingebrachten Entwurfs ei
2026-09-08	Donata Vogtschmidt	Die Linke	21/91	143	Tagesordnungspunkt 4: Erste Beratung des von der Bundesregierung eingebrachten Entwurfs ei
2026-09-08	Vizepräsident Bodo Ramelow		21/91	144	Tagesordnungspunkt 4: Erste Beratung des von der Bundesregierung eingebrachten Entwurfs ei
2026-09-08	Dr. Konrad Körner	CDU/CSU	21/91	144	Tagesordnungspunkt 4: Erste Beratung des von der Bundesregierung eingebrachten Entwurfs ei
2026-09-08	Vizepräsident Bodo Ramelow		21/91	145	Tagesordnungspunkt 4: Erste Beratung des von der Bundesregierung eingebrachten Entwurfs ei
2026-09-08	Dr. Konrad Körner	CDU/CSU	21/91	145	Tagesordnungspunkt 4: Erste Beratung des von der Bundesregierung eingebrachten Entwurfs ei
2026-09-08	Sonja Lemke	Die Linke	21/91	145	Tagesordnungspunkt 4: Erste Beratung des von der Bundesregierung eingebrachten Entwurfs ei
2026-09-08	Dr. Konrad Körner	CDU/CSU	21/91	145	Tagesordnungspunkt 4: Erste Beratung des von der Bundesregierung eingebrachten Entwurfs ei
2026-09-08	Vizepräsident Bodo Ramelow		21/91	147	Tagesordnungspunkt 4: Erste Beratung des von der Bundesregierung eingebrachten Entwurfs ei
2026-09-08	Robin Jünger	AfD	21/91	147	Tagesordnungspunkt 4: Erste Beratung des von der Bundesregierung eingebrachten Entwurfs ei
2026-09-08	Vizepräsident Bodo Ramelow		21/91	150	Tagesordnungspunkt 4: Erste Beratung des von der Bundesregierung eingebrachten Entwurfs ei
2026-09-08	Dr. Carolin Wagner	SPD	21/91	150	Tagesordnungspunkt 4: Erste Beratung des von der Bundesregierung eingebrachten Entwurfs ei
2026-09-08	Vizepräsident Bodo Ramelow		21/91	151	Tagesordnungspunkt 4: Erste Beratung des von der Bundesregierung eingebrachten Entwurfs ei
2026-09-08	Franziska Hoppermann	CDU/CSU	21/91	151	Tagesordnungspunkt 4: Erste Beratung des von der Bundesregierung eingebrachten Entwurfs ei
2026-09-08	Vizepräsident Bodo Ramelow		21/91	153	Tagesordnungspunkt 4: Erste Beratung des von der Bundesregierung eingebrachten Entwurfs ei
2026-09-08	Parsa Marvi	SPD	21/91	153	Tagesordnungspunkt 4: Erste Beratung des von der Bundesregierung eingebrachten Entwurfs ei
2026-09-08	Vizepräsident Bodo Ramelow		21/91	155	Tagesordnungspunkt 4: Erste Beratung des von der Bundesregierung eingebrachten Entwurfs ei
2026-09-08	Mechthilde Wittmann	CDU/CSU	21/91	155	Tagesordnungspunkt 4: Erste Beratung des von der Bundesregierung eingebrachten Entwurfs ei
2026-09-08	Vizepräsident Bodo Ramelow		21/91	157	Tagesordnungspunkt 4: Erste Beratung des von der Bundesregierung eingebrachten Entwurfs ei
2026-09-08	Vizepräsident Bodo Ramelow		21/91	160	Tagesordnungspunkt 4: Erste Beratung des von der Bundesregierung eingebrachten Entwurfs ei
2026-09-08	Vizepräsident Bodo Ramelow		21/91	160	Tagesordnungspunkt 4: Erste Beratung des von der Bundesregierung eingebrachten Entwurfs ei
2026-09-08	Vizepräsident Bodo Ramelow		21/91	160	Tagesordnungspunkt 4: Erste Beratung des von der Bundesregierung eingebrachten Entwurfs ei
2026-09-08	Leif-Erik Holm	AfD	21/91	160	Tagesordnungspunkt 4: Erste Beratung des von der Bundesregierung eingebrachten Entwurfs ei
2026-09-08	Vizepräsident Bodo Ramelow		21/91	162	Tagesordnungspunkt 4: Erste Beratung des von der Bundesregierung eingebrachten Entwurfs ei
2026-09-08	Daniel Walter	SPD	21/91	162	Tagesordnungspunkt 4: Erste Beratung des von der Bundesregierung eingebrachten Entwurfs ei
2026-09-08	Vizepräsident Bodo Ramelow		21/91	164	Tagesordnungspunkt 4: Erste Beratung des von der Bundesregierung eingebrachten Entwurfs ei
2026-09-08	Katrin Uhlig	BÜNDNIS 90/DIE GRÜNEN	21/91	164	Tagesordnungspunkt 4: Erste Beratung des von der Bundesregierung eingebrachten Entwurfs ei
2026-09-08	Vizepräsident Bodo Ramelow		21/91	166	Tagesordnungspunkt 4: Erste Beratung des von der Bundesregierung eingebrachten Entwurfs ei
2026-09-08	Frau Abgeordnete. Katrin Uhlig	BÜNDNIS 90/DIE GRÜNEN	21/91	166	Tagesordnungspunkt 4: Erste Beratung des von der Bundesregierung eingebrachten Entwurfs ei
2026-09-08	Vizepräsident Bodo Ramelow		21/91	166	Tagesordnungspunkt 4: Erste Beratung des von der Bundesregierung eingebrachten Entwurfs ei
2026-09-08	Janine Wissler	Die Linke	21/91	166	Tagesordnungspunkt 4: Erste Beratung des von der Bundesregierung eingebrachten Entwurfs ei
2026-09-08	Vizepräsident Bodo Ramelow		21/91	167	Tagesordnungspunkt 4: Erste Beratung des von der Bundesregierung eingebrachten Entwurfs ei
2026-09-08	Frau Kollegin. Janine Wissler	Die Linke	21/91	167	Tagesordnungspunkt 4: Erste Beratung des von der Bundesregierung eingebrachten Entwurfs ei
2026-09-08	Vizepräsident Bodo Ramelow		21/91	168	Tagesordnungspunkt 4: Erste Beratung des von der Bundesregierung eingebrachten Entwurfs ei
2026-09-08	Frau Abgeordnete. Janine Wissler	Die Linke	21/91	168	Tagesordnungspunkt 4: Erste Beratung des von der Bundesregierung eingebrachten Entwurfs ei
2026-09-08	Vizepräsident Bodo Ramelow		21/91	168	Tagesordnungspunkt 4: Erste Beratung des von der Bundesregierung eingebrachten Entwurfs ei
2026-09-08	Dr. Klaus Wiener	CDU/CSU	21/91	168	Tagesordnungspunkt 4: Erste Beratung des von der Bundesregierung eingebrachten Entwurfs ei
2026-09-08	Vizepräsident Bodo Ramelow		21/91	169	Tagesordnungspunkt 4: Erste Beratung des von der Bundesregierung eingebrachten Entwurfs ei
2026-09-08	Wolfgang Wiehle	AfD	21/91	170	Tagesordnungspunkt 4: Erste Beratung des von der Bundesregierung eingebrachten Entwurfs ei
2026-09-08	Vizepräsidentin Josephine Ortleb		21/91	172	Tagesordnungspunkt 4: Erste Beratung des von der Bundesregierung eingebrachten Entwurfs ei
2026-09-08	Dr. Nina Scheer	SPD	21/91	172	Tagesordnungspunkt 4: Erste Beratung des von der Bundesregierung eingebrachten Entwurfs ei
2026-09-08	Vizepräsidentin Josephine Ortleb		21/91	172	Tagesordnungspunkt 4: Erste Beratung des von der Bundesregierung eingebrachten Entwurfs ei
2026-09-08	Dr. Nina Scheer	SPD	21/91	172	Tagesordnungspunkt 4: Erste Beratung des von der Bundesregierung eingebrachten Entwurfs ei
2026-09-08	Vizepräsidentin Josephine Ortleb		21/91	173	Tagesordnungspunkt 4: Erste Beratung des von der Bundesregierung eingebrachten Entwurfs ei
2026-09-08	Dr. Rainer Kraft	AfD	21/91	173	Tagesordnungspunkt 4: Erste Beratung des von der Bundesregierung eingebrachten Entwurfs ei
2026-09-08	Vizepräsidentin Josephine Ortleb		21/91	174	Tagesordnungspunkt 4: Erste Beratung des von der Bundesregierung eingebrachten Entwurfs ei
2026-09-08	Dr. Nina Scheer	SPD	21/91	174	Tagesordnungspunkt 4: Erste Beratung des von der Bundesregierung eingebrachten Entwurfs ei
2026-09-08	Vizepräsidentin Josephine Ortleb		21/91	175	Tagesordnungspunkt 4: Erste Beratung des von der Bundesregierung eingebrachten Entwurfs ei
2026-09-08	Dr. Nina Scheer	SPD	21/91	175	Tagesordnungspunkt 4: Erste Beratung des von der Bundesregierung eingebrachten Entwurfs ei
2026-09-08	Vizepräsidentin Josephine Ortleb		21/91	175	Tagesordnungspunkt 4: Erste Beratung des von der Bundesregierung eingebrachten Entwurfs ei
2026-09-08	Dr. Nina Scheer	SPD	21/91	175	Tagesordnungspunkt 4: Erste Beratung des von der Bundesregierung eingebrachten Entwurfs ei
2026-09-08	Vizepräsidentin Josephine Ortleb		21/91	175	Tagesordnungspunkt 4: Erste Beratung des von der Bundesregierung eingebrachten Entwurfs ei
2026-09-08	Michael Kellner	BÜNDNIS 90/DIE GRÜNEN	21/91	175	Tagesordnungspunkt 4: Erste Beratung des von der Bundesregierung eingebrachten Entwurfs ei
2026-09-08	Vizepräsidentin Josephine Ortleb		21/91	176	Tagesordnungspunkt 4: Erste Beratung des von der Bundesregierung eingebrachten Entwurfs ei
2026-09-08	Jörg Cezanne	Die Linke	21/91	176	Tagesordnungspunkt 4: Erste Beratung des von der Bundesregierung eingebrachten Entwurfs ei
2026-09-08	Vizepräsidentin Josephine Ortleb		21/91	177	Tagesordnungspunkt 4: Erste Beratung des von der Bundesregierung eingebrachten Entwurfs ei
2026-09-08	Jörg Cezanne	Die Linke	21/91	177	Tagesordnungspunkt 4: Erste Beratung des von der Bundesregierung eingebrachten Entwurfs ei
2026-09-08	Vizepräsidentin Josephine Ortleb		21/91	177	Tagesordnungspunkt 4: Erste Beratung des von der Bundesregierung eingebrachten Entwurfs ei
2026-09-08	Michael Kießling	CDU/CSU	21/91	177	Tagesordnungspunkt 4: Erste Beratung des von der Bundesregierung eingebrachten Entwurfs ei
2026-09-08	Vizepräsidentin Josephine Ortleb		21/91	179	Tagesordnungspunkt 4: Erste Beratung des von der Bundesregierung eingebrachten Entwurfs ei
2026-09-08	Enrico Komning	AfD	21/91	179	Tagesordnungspunkt 4: Erste Beratung des von der Bundesregierung eingebrachten Entwurfs ei
2026-09-08	Vizepräsidentin Josephine Ortleb		21/91	180	Tagesordnungspunkt 4: Erste Beratung des von der Bundesregierung eingebrachten Entwurfs ei
2026-09-08	Enrico Komning	AfD	21/91	180	Tagesordnungspunkt 4: Erste Beratung des von der Bundesregierung eingebrachten Entwurfs ei
2026-09-08	Vizepräsidentin Josephine Ortleb		21/91	180	Tagesordnungspunkt 4: Erste Beratung des von der Bundesregierung eingebrachten Entwurfs ei
2026-09-08	Enrico Komning	AfD	21/91	180	Tagesordnungspunkt 4: Erste Beratung des von der Bundesregierung eingebrachten Entwurfs ei
2026-09-08	Vizepräsidentin Josephine Ortleb		21/91	180	Tagesordnungspunkt 4: Erste Beratung des von der Bundesregierung eingebrachten Entwurfs ei
2026-09-08	Sebastian Roloff	SPD	21/91	180	Tagesordnungspunkt 4: Erste Beratung des von der Bundesregierung eingebrachten Entwurfs ei
2026-09-08	Vizepräsidentin Josephine Ortleb		21/91	182	Tagesordnungspunkt 4: Erste Beratung des von der Bundesregierung eingebrachten Entwurfs ei
2026-09-08	Julian Joswig	BÜNDNIS 90/DIE GRÜNEN	21/91	182	Tagesordnungspunkt 4: Erste Beratung des von der Bundesregierung eingebrachten Entwurfs ei
2026-09-08	Vizepräsidentin Josephine Ortleb		21/91	183	Tagesordnungspunkt 4: Erste Beratung des von der Bundesregierung eingebrachten Entwurfs ei
2026-09-08	Hans Koller	CDU/CSU	21/91	183	Tagesordnungspunkt 4: Erste Beratung des von der Bundesregierung eingebrachten Entwurfs ei
2026-09-08	Vizepräsidentin Josephine Ortleb		21/91	185	Tagesordnungspunkt 4: Erste Beratung des von der Bundesregierung eingebrachten Entwurfs ei
2026-09-08	Hans Koller	CDU/CSU	21/91	185	Tagesordnungspunkt 4: Erste Beratung des von der Bundesregierung eingebrachten Entwurfs ei
2026-09-08	Lisa Badum	BÜNDNIS 90/DIE GRÜNEN	21/91	185	Tagesordnungspunkt 4: Erste Beratung des von der Bundesregierung eingebrachten Entwurfs ei
2026-09-08	Hans Koller	CDU/CSU	21/91	185	Tagesordnungspunkt 4: Erste Beratung des von der Bundesregierung eingebrachten Entwurfs ei
2026-09-08	Vizepräsidentin Josephine Ortleb		21/91	185	Tagesordnungspunkt 4: Erste Beratung des von der Bundesregierung eingebrachten Entwurfs ei
2026-09-08	Steffen Kotré	AfD	21/91	185	Tagesordnungspunkt 4: Erste Beratung des von der Bundesregierung eingebrachten Entwurfs ei
2026-09-08	Vizepräsidentin Josephine Ortleb		21/91	186	Tagesordnungspunkt 4: Erste Beratung des von der Bundesregierung eingebrachten Entwurfs ei
2026-09-08	Steffen Kotré	AfD	21/91	187	Tagesordnungspunkt 4: Erste Beratung des von der Bundesregierung eingebrachten Entwurfs ei
2026-09-08	Dr. Klaus Wiener	CDU/CSU	21/91	187	Tagesordnungspunkt 4: Erste Beratung des von der Bundesregierung eingebrachten Entwurfs ei
2026-09-08	Steffen Kotré	AfD	21/91	187	Tagesordnungspunkt 4: Erste Beratung des von der Bundesregierung eingebrachten Entwurfs ei
2026-09-08	Vizepräsidentin Josephine Ortleb		21/91	187	Tagesordnungspunkt 4: Erste Beratung des von der Bundesregierung eingebrachten Entwurfs ei
2026-09-08	Steffen Kotré	AfD	21/91	187	Tagesordnungspunkt 4: Erste Beratung des von der Bundesregierung eingebrachten Entwurfs ei
2026-09-08	Vizepräsidentin Josephine Ortleb		21/91	187	Tagesordnungspunkt 4: Erste Beratung des von der Bundesregierung eingebrachten Entwurfs ei
2026-09-08	Steffen Kotré	AfD	21/91	187	Tagesordnungspunkt 4: Erste Beratung des von der Bundesregierung eingebrachten Entwurfs ei
2026-09-08	Vizepräsidentin Josephine Ortleb		21/91	187	Tagesordnungspunkt 4: Erste Beratung des von der Bundesregierung eingebrachten Entwurfs ei
2026-09-08	Daniel Bettermann	SPD	21/91	187	Tagesordnungspunkt 4: Erste Beratung des von der Bundesregierung eingebrachten Entwurfs ei
2026-09-08	Vizepräsidentin Josephine Ortleb		21/91	189	Tagesordnungspunkt 4: Erste Beratung des von der Bundesregierung eingebrachten Entwurfs ei
2026-09-08	Erhard Brucker	AfD	21/91	189	Tagesordnungspunkt 4: Erste Beratung des von der Bundesregierung eingebrachten Entwurfs ei
2026-09-08	Vizepräsidentin Josephine Ortleb		21/91	190	Tagesordnungspunkt 4: Erste Beratung des von der Bundesregierung eingebrachten Entwurfs ei
2026-09-08	Carl-Philipp Sassenrath	CDU/CSU	21/91	190	Tagesordnungspunkt 4: Erste Beratung des von der Bundesregierung eingebrachten Entwurfs ei
2026-09-08	Vizepräsidentin Josephine Ortleb		21/91	191	Tagesordnungspunkt 4: Erste Beratung des von der Bundesregierung eingebrachten Entwurfs ei
2026-09-08	Carl-Philipp Sassenrath	CDU/CSU	21/91	191	Tagesordnungspunkt 4: Erste Beratung des von der Bundesregierung eingebrachten Entwurfs ei
2026-09-08	Vizepräsidentin Josephine Ortleb		21/91	192	Tagesordnungspunkt 4: Erste Beratung des von der Bundesregierung eingebrachten Entwurfs ei
2026-09-08	Carl-Philipp Sassenrath	CDU/CSU	21/91	193	Tagesordnungspunkt 4: Erste Beratung des von der Bundesregierung eingebrachten Entwurfs ei
2026-09-08	Vizepräsidentin Josephine Ortleb		21/91	193	Tagesordnungspunkt 4: Erste Beratung des von der Bundesregierung eingebrachten Entwurfs ei
2026-09-08	Dr. Malte Kaufmann	AfD	21/91	193	Tagesordnungspunkt 4: Erste Beratung des von der Bundesregierung eingebrachten Entwurfs ei
2026-09-08	Vizepräsidentin Josephine Ortleb		21/91	193	Tagesordnungspunkt 4: Erste Beratung des von der Bundesregierung eingebrachten Entwurfs ei
2026-09-08	Carl-Philipp Sassenrath	CDU/CSU	21/91	193	Tagesordnungspunkt 4: Erste Beratung des von der Bundesregierung eingebrachten Entwurfs ei
2026-09-08	Vizepräsidentin Josephine Ortleb		21/91	194	Tagesordnungspunkt 4: Erste Beratung des von der Bundesregierung eingebrachten Entwurfs ei
2026-07-10	Präsidentin Julia Klöckner		21/90	6	Zusatzpunkt 22: Aktuelle Stunde auf Verlangen der Fraktion BÜNDNIS 90/DIE GRÜNEN: Angekünd
2026-07-10	Steffen Bilger	CDU/CSU	21/90	7	Zusatzpunkt 22: Aktuelle Stunde auf Verlangen der Fraktion BÜNDNIS 90/DIE GRÜNEN: Angekünd
2026-07-10	Präsidentin Julia Klöckner		21/90	8	Zusatzpunkt 22: Aktuelle Stunde auf Verlangen der Fraktion BÜNDNIS 90/DIE GRÜNEN: Angekünd
2026-07-10	Marc Bernhard	AfD	21/90	8	Zusatzpunkt 22: Aktuelle Stunde auf Verlangen der Fraktion BÜNDNIS 90/DIE GRÜNEN: Angekünd
2026-07-10	Präsidentin Julia Klöckner		21/90	9	Zusatzpunkt 22: Aktuelle Stunde auf Verlangen der Fraktion BÜNDNIS 90/DIE GRÜNEN: Angekünd
2026-07-10	Dirk Wiese	SPD	21/90	9	Zusatzpunkt 22: Aktuelle Stunde auf Verlangen der Fraktion BÜNDNIS 90/DIE GRÜNEN: Angekünd
2026-07-10	Präsidentin Julia Klöckner		21/90	10	Zusatzpunkt 22: Aktuelle Stunde auf Verlangen der Fraktion BÜNDNIS 90/DIE GRÜNEN: Angekünd
2026-07-10	Dr. Irene Mihalic	BÜNDNIS 90/DIE GRÜNEN	21/90	10	Zusatzpunkt 22: Aktuelle Stunde auf Verlangen der Fraktion BÜNDNIS 90/DIE GRÜNEN: Angekünd
2026-07-10	Präsidentin Julia Klöckner		21/90	12	Zusatzpunkt 22: Aktuelle Stunde auf Verlangen der Fraktion BÜNDNIS 90/DIE GRÜNEN: Angekünd
2026-07-10	Ina Latendorf	Die Linke	21/90	12	Zusatzpunkt 22: Aktuelle Stunde auf Verlangen der Fraktion BÜNDNIS 90/DIE GRÜNEN: Angekünd
2026-07-10	Präsidentin Julia Klöckner		21/90	12	Zusatzpunkt 22: Aktuelle Stunde auf Verlangen der Fraktion BÜNDNIS 90/DIE GRÜNEN: Angekünd
2026-07-10	Albert Stegemann	CDU/CSU	21/90	14	Zusatzpunkt 22: Aktuelle Stunde auf Verlangen der Fraktion BÜNDNIS 90/DIE GRÜNEN: Angekünd
2026-07-10	Präsidentin Julia Klöckner		21/90	16	Zusatzpunkt 22: Aktuelle Stunde auf Verlangen der Fraktion BÜNDNIS 90/DIE GRÜNEN: Angekünd
2026-07-10	Albert Stegemann	CDU/CSU	21/90	16	Zusatzpunkt 22: Aktuelle Stunde auf Verlangen der Fraktion BÜNDNIS 90/DIE GRÜNEN: Angekünd
2026-07-10	Präsidentin Julia Klöckner		21/90	16	Zusatzpunkt 22: Aktuelle Stunde auf Verlangen der Fraktion BÜNDNIS 90/DIE GRÜNEN: Angekünd
2026-07-10	Danke. Albert Stegemann	CDU/CSU	21/90	16	Zusatzpunkt 22: Aktuelle Stunde auf Verlangen der Fraktion BÜNDNIS 90/DIE GRÜNEN: Angekünd
2026-07-10	Präsidentin Julia Klöckner		21/90	16	Zusatzpunkt 22: Aktuelle Stunde auf Verlangen der Fraktion BÜNDNIS 90/DIE GRÜNEN: Angekünd
2026-07-10	Albert Stegemann	CDU/CSU	21/90	16	Zusatzpunkt 22: Aktuelle Stunde auf Verlangen der Fraktion BÜNDNIS 90/DIE GRÜNEN: Angekünd
2026-07-10	Präsidentin Julia Klöckner		21/90	16	Zusatzpunkt 22: Aktuelle Stunde auf Verlangen der Fraktion BÜNDNIS 90/DIE GRÜNEN: Angekünd
2026-07-10	Albert Stegemann	CDU/CSU	21/90	16	Zusatzpunkt 22: Aktuelle Stunde auf Verlangen der Fraktion BÜNDNIS 90/DIE GRÜNEN: Angekünd
2026-07-10	Präsidentin Julia Klöckner		21/90	16	Zusatzpunkt 22: Aktuelle Stunde auf Verlangen der Fraktion BÜNDNIS 90/DIE GRÜNEN: Angekünd
2026-07-10	Albert Stegemann	CDU/CSU	21/90	16	Zusatzpunkt 22: Aktuelle Stunde auf Verlangen der Fraktion BÜNDNIS 90/DIE GRÜNEN: Angekünd
2026-07-10	Präsidentin Julia Klöckner		21/90	16	Zusatzpunkt 22: Aktuelle Stunde auf Verlangen der Fraktion BÜNDNIS 90/DIE GRÜNEN: Angekünd
2026-07-10	Nicole Hess	AfD	21/90	16	Zusatzpunkt 22: Aktuelle Stunde auf Verlangen der Fraktion BÜNDNIS 90/DIE GRÜNEN: Angekünd
2026-07-10	Präsidentin Julia Klöckner		21/90	17	Zusatzpunkt 22: Aktuelle Stunde auf Verlangen der Fraktion BÜNDNIS 90/DIE GRÜNEN: Angekünd
2026-07-10	Präsidentin Julia Klöckner		21/90	19	Zusatzpunkt 22: Aktuelle Stunde auf Verlangen der Fraktion BÜNDNIS 90/DIE GRÜNEN: Angekünd
2026-07-10	Präsidentin Julia Klöckner		21/90	19	Zusatzpunkt 22: Aktuelle Stunde auf Verlangen der Fraktion BÜNDNIS 90/DIE GRÜNEN: Angekünd
2026-07-10	Präsidentin Julia Klöckner		21/90	19	Zusatzpunkt 22: Aktuelle Stunde auf Verlangen der Fraktion BÜNDNIS 90/DIE GRÜNEN: Angekünd
2026-07-10	Britta Haßelmann	BÜNDNIS 90/DIE GRÜNEN	21/90	19	Zusatzpunkt 22: Aktuelle Stunde auf Verlangen der Fraktion BÜNDNIS 90/DIE GRÜNEN: Angekünd
2026-07-10	Präsidentin Julia Klöckner		21/90	21	Zusatzpunkt 22: Aktuelle Stunde auf Verlangen der Fraktion BÜNDNIS 90/DIE GRÜNEN: Angekünd
2026-07-10	Ihre Zeit. Britta Haßelmann	BÜNDNIS 90/DIE GRÜNEN	21/90	21	Zusatzpunkt 22: Aktuelle Stunde auf Verlangen der Fraktion BÜNDNIS 90/DIE GRÜNEN: Angekünd
2026-07-10	Präsidentin Julia Klöckner		21/90	21	Zusatzpunkt 22: Aktuelle Stunde auf Verlangen der Fraktion BÜNDNIS 90/DIE GRÜNEN: Angekünd
2026-07-10	Ihre Zeit. Britta Haßelmann	BÜNDNIS 90/DIE GRÜNEN	21/90	21	Zusatzpunkt 22: Aktuelle Stunde auf Verlangen der Fraktion BÜNDNIS 90/DIE GRÜNEN: Angekünd
2026-07-10	Präsidentin Julia Klöckner		21/90	21	Zusatzpunkt 22: Aktuelle Stunde auf Verlangen der Fraktion BÜNDNIS 90/DIE GRÜNEN: Angekünd
2026-07-10	Heidi Reichinnek	Die Linke	21/90	21	Zusatzpunkt 22: Aktuelle Stunde auf Verlangen der Fraktion BÜNDNIS 90/DIE GRÜNEN: Angekünd
2026-07-10	Präsidentin Julia Klöckner		21/90	23	Zusatzpunkt 22: Aktuelle Stunde auf Verlangen der Fraktion BÜNDNIS 90/DIE GRÜNEN: Angekünd
2026-07-10	Präsidentin Julia Klöckner		21/90	24	Zusatzpunkt 22: Aktuelle Stunde auf Verlangen der Fraktion BÜNDNIS 90/DIE GRÜNEN: Angekünd
2026-07-10	Präsidentin Julia Klöckner		21/90	25	Zusatzpunkt 22: Aktuelle Stunde auf Verlangen der Fraktion BÜNDNIS 90/DIE GRÜNEN: Angekünd
2026-07-10	Stella Merendino	Die Linke	21/90	25	Zusatzpunkt 22: Aktuelle Stunde auf Verlangen der Fraktion BÜNDNIS 90/DIE GRÜNEN: Angekünd
2026-07-10	Präsidentin Julia Klöckner		21/90	26	Zusatzpunkt 22: Aktuelle Stunde auf Verlangen der Fraktion BÜNDNIS 90/DIE GRÜNEN: Angekünd
2026-07-10	Dr. Kirsten Kappert-Gonther	BÜNDNIS 90/DIE GRÜNEN	21/90	26	Zusatzpunkt 22: Aktuelle Stunde auf Verlangen der Fraktion BÜNDNIS 90/DIE GRÜNEN: Angekünd
2026-07-10	Präsidentin Julia Klöckner		21/90	27	Zusatzpunkt 22: Aktuelle Stunde auf Verlangen der Fraktion BÜNDNIS 90/DIE GRÜNEN: Angekünd
2026-07-10	Präsidentin Julia Klöckner		21/90	27	Zusatzpunkt 22: Aktuelle Stunde auf Verlangen der Fraktion BÜNDNIS 90/DIE GRÜNEN: Angekünd
2026-07-10	Dr. Christina Baum	AfD	21/90	27	Zusatzpunkt 22: Aktuelle Stunde auf Verlangen der Fraktion BÜNDNIS 90/DIE GRÜNEN: Angekünd
2026-07-10	Präsidentin Julia Klöckner		21/90	28	Zusatzpunkt 22: Aktuelle Stunde auf Verlangen der Fraktion BÜNDNIS 90/DIE GRÜNEN: Angekünd
2026-07-10	Claudia Weiss	AfD	21/90	28	Zusatzpunkt 22: Aktuelle Stunde auf Verlangen der Fraktion BÜNDNIS 90/DIE GRÜNEN: Angekünd
2026-07-10	Präsidentin Julia Klöckner		21/90	29	Zusatzpunkt 22: Aktuelle Stunde auf Verlangen der Fraktion BÜNDNIS 90/DIE GRÜNEN: Angekünd
2026-07-10	Dr. Lina Seitzl	SPD	21/90	29	Zusatzpunkt 22: Aktuelle Stunde auf Verlangen der Fraktion BÜNDNIS 90/DIE GRÜNEN: Angekünd
2026-07-10	Präsidentin Julia Klöckner		21/90	30	Zusatzpunkt 22: Aktuelle Stunde auf Verlangen der Fraktion BÜNDNIS 90/DIE GRÜNEN: Angekünd
2026-07-10	Janine Wissler	Die Linke	21/90	30	Zusatzpunkt 22: Aktuelle Stunde auf Verlangen der Fraktion BÜNDNIS 90/DIE GRÜNEN: Angekünd
2026-07-10	Präsidentin Julia Klöckner		21/90	31	Zusatzpunkt 22: Aktuelle Stunde auf Verlangen der Fraktion BÜNDNIS 90/DIE GRÜNEN: Angekünd
2026-07-10	Janine Wissler	Die Linke	21/90	31	Zusatzpunkt 22: Aktuelle Stunde auf Verlangen der Fraktion BÜNDNIS 90/DIE GRÜNEN: Angekünd
2026-07-10	Präsidentin Julia Klöckner		21/90	31	Zusatzpunkt 22: Aktuelle Stunde auf Verlangen der Fraktion BÜNDNIS 90/DIE GRÜNEN: Angekünd
2026-07-10	Dr. Lina Seitzl	SPD	21/90	31	Zusatzpunkt 22: Aktuelle Stunde auf Verlangen der Fraktion BÜNDNIS 90/DIE GRÜNEN: Angekünd
2026-07-10	Präsidentin Julia Klöckner		21/90	31	Zusatzpunkt 22: Aktuelle Stunde auf Verlangen der Fraktion BÜNDNIS 90/DIE GRÜNEN: Angekünd
2026-07-10	Dr. Lina Seitzl	SPD	21/90	31	Zusatzpunkt 22: Aktuelle Stunde auf Verlangen der Fraktion BÜNDNIS 90/DIE GRÜNEN: Angekünd
2026-07-10	Ja. Johannes Wagner	BÜNDNIS 90/DIE GRÜNEN	21/90	31	Zusatzpunkt 22: Aktuelle Stunde auf Verlangen der Fraktion BÜNDNIS 90/DIE GRÜNEN: Angekünd
2026-07-10	Dr. Lina Seitzl	SPD	21/90	32	Zusatzpunkt 22: Aktuelle Stunde auf Verlangen der Fraktion BÜNDNIS 90/DIE GRÜNEN: Angekünd
2026-07-10	Präsidentin Julia Klöckner		21/90	32	Zusatzpunkt 22: Aktuelle Stunde auf Verlangen der Fraktion BÜNDNIS 90/DIE GRÜNEN: Angekünd
2026-07-10	Dr. Janosch Dahmen	BÜNDNIS 90/DIE GRÜNEN	21/90	32	Zusatzpunkt 22: Aktuelle Stunde auf Verlangen der Fraktion BÜNDNIS 90/DIE GRÜNEN: Angekünd
2026-07-10	Präsidentin Julia Klöckner		21/90	34	Zusatzpunkt 22: Aktuelle Stunde auf Verlangen der Fraktion BÜNDNIS 90/DIE GRÜNEN: Angekünd
2026-07-10	Dr. Janosch Dahmen	BÜNDNIS 90/DIE GRÜNEN	21/90	34	Zusatzpunkt 22: Aktuelle Stunde auf Verlangen der Fraktion BÜNDNIS 90/DIE GRÜNEN: Angekünd
2026-07-10	Präsidentin Julia Klöckner		21/90	34	Zusatzpunkt 22: Aktuelle Stunde auf Verlangen der Fraktion BÜNDNIS 90/DIE GRÜNEN: Angekünd
2026-07-10	Dr. Janosch Dahmen	BÜNDNIS 90/DIE GRÜNEN	21/90	34	Zusatzpunkt 22: Aktuelle Stunde auf Verlangen der Fraktion BÜNDNIS 90/DIE GRÜNEN: Angekünd
2026-07-10	Präsidentin Julia Klöckner		21/90	34	Zusatzpunkt 22: Aktuelle Stunde auf Verlangen der Fraktion BÜNDNIS 90/DIE GRÜNEN: Angekünd
2026-07-10	Ates Gürpinar	Die Linke	21/90	34	Zusatzpunkt 22: Aktuelle Stunde auf Verlangen der Fraktion BÜNDNIS 90/DIE GRÜNEN: Angekünd
2026-07-10	Präsidentin Julia Klöckner		21/90	36	Zusatzpunkt 22: Aktuelle Stunde auf Verlangen der Fraktion BÜNDNIS 90/DIE GRÜNEN: Angekünd
2026-07-10	Simone Borchardt	CDU/CSU	21/90	36	Zusatzpunkt 22: Aktuelle Stunde auf Verlangen der Fraktion BÜNDNIS 90/DIE GRÜNEN: Angekünd
2026-07-10	Präsidentin Julia Klöckner		21/90	36	Zusatzpunkt 22: Aktuelle Stunde auf Verlangen der Fraktion BÜNDNIS 90/DIE GRÜNEN: Angekünd
2026-07-10	Simone Borchardt	CDU/CSU	21/90	36	Zusatzpunkt 22: Aktuelle Stunde auf Verlangen der Fraktion BÜNDNIS 90/DIE GRÜNEN: Angekünd
2026-07-10	Dr. Armin Grau	BÜNDNIS 90/DIE GRÜNEN	21/90	36	Zusatzpunkt 22: Aktuelle Stunde auf Verlangen der Fraktion BÜNDNIS 90/DIE GRÜNEN: Angekünd
2026-07-10	Simone Borchardt	CDU/CSU	21/90	37	Zusatzpunkt 22: Aktuelle Stunde auf Verlangen der Fraktion BÜNDNIS 90/DIE GRÜNEN: Angekünd
2026-07-10	Präsidentin Julia Klöckner		21/90	39	Zusatzpunkt 22: Aktuelle Stunde auf Verlangen der Fraktion BÜNDNIS 90/DIE GRÜNEN: Angekünd
2026-07-10	Martin Sichert	AfD	21/90	39	Zusatzpunkt 22: Aktuelle Stunde auf Verlangen der Fraktion BÜNDNIS 90/DIE GRÜNEN: Angekünd
2026-07-10	Präsidentin Julia Klöckner		21/90	41	Zusatzpunkt 22: Aktuelle Stunde auf Verlangen der Fraktion BÜNDNIS 90/DIE GRÜNEN: Angekünd
2026-07-10	Dr. Christos Pantazis	SPD	21/90	42	Zusatzpunkt 22: Aktuelle Stunde auf Verlangen der Fraktion BÜNDNIS 90/DIE GRÜNEN: Angekünd
2026-07-10	Präsidentin Julia Klöckner		21/90	43	Zusatzpunkt 22: Aktuelle Stunde auf Verlangen der Fraktion BÜNDNIS 90/DIE GRÜNEN: Angekünd
2026-07-10	Dr. Christos Pantazis	SPD	21/90	43	Zusatzpunkt 22: Aktuelle Stunde auf Verlangen der Fraktion BÜNDNIS 90/DIE GRÜNEN: Angekünd
2026-07-10	Präsidentin Julia Klöckner		21/90	43	Zusatzpunkt 22: Aktuelle Stunde auf Verlangen der Fraktion BÜNDNIS 90/DIE GRÜNEN: Angekünd
2026-07-10	Okay. Dr. Christos Pantazis	SPD	21/90	43	Zusatzpunkt 22: Aktuelle Stunde auf Verlangen der Fraktion BÜNDNIS 90/DIE GRÜNEN: Angekünd
2026-07-10	Präsidentin Julia Klöckner		21/90	45	Zusatzpunkt 22: Aktuelle Stunde auf Verlangen der Fraktion BÜNDNIS 90/DIE GRÜNEN: Angekünd
2026-07-10	Dr. Christos Pantazis	SPD	21/90	45	Zusatzpunkt 22: Aktuelle Stunde auf Verlangen der Fraktion BÜNDNIS 90/DIE GRÜNEN: Angekünd
2026-07-10	Präsidentin Julia Klöckner		21/90	45	Zusatzpunkt 22: Aktuelle Stunde auf Verlangen der Fraktion BÜNDNIS 90/DIE GRÜNEN: Angekünd
2026-07-10	Dr. Christos Pantazis	SPD	21/90	45	Zusatzpunkt 22: Aktuelle Stunde auf Verlangen der Fraktion BÜNDNIS 90/DIE GRÜNEN: Angekünd
2026-07-10	Präsidentin Julia Klöckner		21/90	45	Zusatzpunkt 22: Aktuelle Stunde auf Verlangen der Fraktion BÜNDNIS 90/DIE GRÜNEN: Angekünd
2026-07-10	Dr. Christos Pantazis	SPD	21/90	45	Zusatzpunkt 22: Aktuelle Stunde auf Verlangen der Fraktion BÜNDNIS 90/DIE GRÜNEN: Angekünd
2026-07-10	Präsidentin Julia Klöckner		21/90	45	Zusatzpunkt 22: Aktuelle Stunde auf Verlangen der Fraktion BÜNDNIS 90/DIE GRÜNEN: Angekünd
2026-07-10	Dr. Christos Pantazis	SPD	21/90	45	Zusatzpunkt 22: Aktuelle Stunde auf Verlangen der Fraktion BÜNDNIS 90/DIE GRÜNEN: Angekünd
2026-07-10	Präsidentin Julia Klöckner		21/90	45	Zusatzpunkt 22: Aktuelle Stunde auf Verlangen der Fraktion BÜNDNIS 90/DIE GRÜNEN: Angekünd
2026-07-10	Dr. Christos Pantazis	SPD	21/90	45	Zusatzpunkt 22: Aktuelle Stunde auf Verlangen der Fraktion BÜNDNIS 90/DIE GRÜNEN: Angekünd
2026-07-10	Präsidentin Julia Klöckner		21/90	45	Zusatzpunkt 22: Aktuelle Stunde auf Verlangen der Fraktion BÜNDNIS 90/DIE GRÜNEN: Angekünd
2026-07-10	Dr. Christos Pantazis	SPD	21/90	45	Zusatzpunkt 22: Aktuelle Stunde auf Verlangen der Fraktion BÜNDNIS 90/DIE GRÜNEN: Angekünd
2026-07-10	Präsidentin Julia Klöckner		21/90	45	Zusatzpunkt 22: Aktuelle Stunde auf Verlangen der Fraktion BÜNDNIS 90/DIE GRÜNEN: Angekünd
2026-07-10	Dr. Christos Pantazis	SPD	21/90	45	Zusatzpunkt 22: Aktuelle Stunde auf Verlangen der Fraktion BÜNDNIS 90/DIE GRÜNEN: Angekünd
2026-07-10	Präsidentin Julia Klöckner		21/90	45	Zusatzpunkt 22: Aktuelle Stunde auf Verlangen der Fraktion BÜNDNIS 90/DIE GRÜNEN: Angekünd
2026-07-10	Emmi Zeulner	CDU/CSU	21/90	45	Zusatzpunkt 22: Aktuelle Stunde auf Verlangen der Fraktion BÜNDNIS 90/DIE GRÜNEN: Angekünd
2026-07-10	Präsidentin Julia Klöckner		21/90	47	Zusatzpunkt 22: Aktuelle Stunde auf Verlangen der Fraktion BÜNDNIS 90/DIE GRÜNEN: Angekünd
2026-07-10	Emmi Zeulner	CDU/CSU	21/90	47	Zusatzpunkt 22: Aktuelle Stunde auf Verlangen der Fraktion BÜNDNIS 90/DIE GRÜNEN: Angekünd
2026-07-10	Präsidentin Julia Klöckner		21/90	47	Zusatzpunkt 22: Aktuelle Stunde auf Verlangen der Fraktion BÜNDNIS 90/DIE GRÜNEN: Angekünd
2026-07-10	Marc Bernhard	AfD	21/90	49	Tagesordnungspunkt 22d. Abstimmung über die Beschlussempfehlung des Ausschusses für Gesund
2026-07-10	Vizepräsident Bodo Ramelow		21/90	50	Tagesordnungspunkt 22d. Abstimmung über die Beschlussempfehlung des Ausschusses für Gesund
2026-07-10	Dr. Klaus Wiener	CDU/CSU	21/90	50	Tagesordnungspunkt 22d. Abstimmung über die Beschlussempfehlung des Ausschusses für Gesund
2026-07-10	Vizepräsident Bodo Ramelow		21/90	52	Tagesordnungspunkt 22d. Abstimmung über die Beschlussempfehlung des Ausschusses für Gesund
2026-07-10	Michael Kellner	BÜNDNIS 90/DIE GRÜNEN	21/90	52	Tagesordnungspunkt 22d. Abstimmung über die Beschlussempfehlung des Ausschusses für Gesund
2026-07-10	Vizepräsident Bodo Ramelow		21/90	53	Tagesordnungspunkt 22d. Abstimmung über die Beschlussempfehlung des Ausschusses für Gesund
2026-07-10	Michael Kellner	BÜNDNIS 90/DIE GRÜNEN	21/90	53	Tagesordnungspunkt 22d. Abstimmung über die Beschlussempfehlung des Ausschusses für Gesund
2026-07-10	Vizepräsident Bodo Ramelow		21/90	53	Tagesordnungspunkt 22d. Abstimmung über die Beschlussempfehlung des Ausschusses für Gesund
2026-07-10	Michael Kellner	BÜNDNIS 90/DIE GRÜNEN	21/90	53	Tagesordnungspunkt 22d. Abstimmung über die Beschlussempfehlung des Ausschusses für Gesund
2026-07-10	Vizepräsident Bodo Ramelow		21/90	53	Tagesordnungspunkt 22d. Abstimmung über die Beschlussempfehlung des Ausschusses für Gesund
2026-07-10	Dr. Malte Kaufmann	AfD	21/90	53	Tagesordnungspunkt 22d. Abstimmung über die Beschlussempfehlung des Ausschusses für Gesund
2026-07-10	Michael Kellner	BÜNDNIS 90/DIE GRÜNEN	21/90	53	Tagesordnungspunkt 22d. Abstimmung über die Beschlussempfehlung des Ausschusses für Gesund
2026-07-10	Vizepräsident Bodo Ramelow		21/90	54	Tagesordnungspunkt 22d. Abstimmung über die Beschlussempfehlung des Ausschusses für Gesund
2026-07-10	Sebastian Roloff	SPD	21/90	55	Tagesordnungspunkt 22d. Abstimmung über die Beschlussempfehlung des Ausschusses für Gesund
2026-07-10	Vizepräsident Bodo Ramelow		21/90	56	Tagesordnungspunkt 22d. Abstimmung über die Beschlussempfehlung des Ausschusses für Gesund
2026-07-10	Sebastian Roloff	SPD	21/90	56	Tagesordnungspunkt 22d. Abstimmung über die Beschlussempfehlung des Ausschusses für Gesund
2026-07-10	Adam Balten	AfD	21/90	56	Tagesordnungspunkt 22d. Abstimmung über die Beschlussempfehlung des Ausschusses für Gesund
2026-07-10	Sebastian Roloff	SPD	21/90	56	Tagesordnungspunkt 22d. Abstimmung über die Beschlussempfehlung des Ausschusses für Gesund
2026-07-10	Vizepräsident Bodo Ramelow		21/90	58	Tagesordnungspunkt 22d. Abstimmung über die Beschlussempfehlung des Ausschusses für Gesund
2026-07-10	Mirze Edis	Die Linke	21/90	58	Tagesordnungspunkt 22d. Abstimmung über die Beschlussempfehlung des Ausschusses für Gesund
2026-07-10	Vizepräsident Bodo Ramelow		21/90	59	Tagesordnungspunkt 22d. Abstimmung über die Beschlussempfehlung des Ausschusses für Gesund
2026-07-10	Lars Rohwer	CDU/CSU	21/90	63	Tagesordnungspunkt 22d. Abstimmung über die Beschlussempfehlung des Ausschusses für Gesund
2026-07-10	Vizepräsident Bodo Ramelow		21/90	65	Tagesordnungspunkt 22d. Abstimmung über die Beschlussempfehlung des Ausschusses für Gesund
2026-07-10	Enrico Komning	AfD	21/90	65	Tagesordnungspunkt 22d. Abstimmung über die Beschlussempfehlung des Ausschusses für Gesund
2026-07-10	Vizepräsident Bodo Ramelow		21/90	67	Tagesordnungspunkt 22d. Abstimmung über die Beschlussempfehlung des Ausschusses für Gesund
2026-07-10	Dunja Kreiser	SPD	21/90	67	Tagesordnungspunkt 22d. Abstimmung über die Beschlussempfehlung des Ausschusses für Gesund
2026-07-10	Vizepräsident Bodo Ramelow		21/90	69	Tagesordnungspunkt 22d. Abstimmung über die Beschlussempfehlung des Ausschusses für Gesund
2026-07-10	Sandra Stein	BÜNDNIS 90/DIE GRÜNEN	21/90	69	Tagesordnungspunkt 22d. Abstimmung über die Beschlussempfehlung des Ausschusses für Gesund
2026-07-10	Vizepräsident Bodo Ramelow		21/90	71	Tagesordnungspunkt 22d. Abstimmung über die Beschlussempfehlung des Ausschusses für Gesund
2026-07-10	Agnes Conrad	Die Linke	21/90	75	Tagesordnungspunkt 22d. Abstimmung über die Beschlussempfehlung des Ausschusses für Gesund
2026-07-10	Vizepräsident Bodo Ramelow		21/90	76	Tagesordnungspunkt 22d. Abstimmung über die Beschlussempfehlung des Ausschusses für Gesund
2026-07-10	Hans Koller	CDU/CSU	21/90	76	Tagesordnungspunkt 22d. Abstimmung über die Beschlussempfehlung des Ausschusses für Gesund
2026-07-10	Vizepräsident Bodo Ramelow		21/90	78	Tagesordnungspunkt 22d. Abstimmung über die Beschlussempfehlung des Ausschusses für Gesund
2026-07-10	Adam Balten	AfD	21/90	78	Tagesordnungspunkt 22d. Abstimmung über die Beschlussempfehlung des Ausschusses für Gesund
2026-07-10	Vizepräsident Bodo Ramelow		21/90	79	Tagesordnungspunkt 22d. Abstimmung über die Beschlussempfehlung des Ausschusses für Gesund
2026-07-10	Nicklas Kappe	CDU/CSU	21/90	82	Tagesordnungspunkt 22d. Abstimmung über die Beschlussempfehlung des Ausschusses für Gesund
2026-07-10	Vizepräsident Bodo Ramelow		21/90	84	Tagesordnungspunkt 22d. Abstimmung über die Beschlussempfehlung des Ausschusses für Gesund
2026-07-10	Nicklas Kappe	CDU/CSU	21/90	84	Tagesordnungspunkt 22d. Abstimmung über die Beschlussempfehlung des Ausschusses für Gesund
2026-07-10	Dr. Michael Espendiller	AfD	21/90	84	Tagesordnungspunkt 22d. Abstimmung über die Beschlussempfehlung des Ausschusses für Gesund
2026-07-10	Nicklas Kappe	CDU/CSU	21/90	84	Tagesordnungspunkt 22d. Abstimmung über die Beschlussempfehlung des Ausschusses für Gesund
2026-07-10	Vizepräsident Bodo Ramelow		21/90	85	Tagesordnungspunkt 22d. Abstimmung über die Beschlussempfehlung des Ausschusses für Gesund
2026-07-10	Jörn König	AfD	21/90	85	Tagesordnungspunkt 22d. Abstimmung über die Beschlussempfehlung des Ausschusses für Gesund
2026-07-10	Vizepräsident Bodo Ramelow		21/90	86	Tagesordnungspunkt 22d. Abstimmung über die Beschlussempfehlung des Ausschusses für Gesund
2026-07-10	Sepp Müller	CDU/CSU	21/90	91	Tagesordnungspunkt 22d. Abstimmung über die Beschlussempfehlung des Ausschusses für Gesund
2026-07-10	Vizepräsident Bodo Ramelow		21/90	91	Tagesordnungspunkt 22d. Abstimmung über die Beschlussempfehlung des Ausschusses für Gesund
2026-07-10	Sepp Müller	CDU/CSU	21/90	91	Tagesordnungspunkt 22d. Abstimmung über die Beschlussempfehlung des Ausschusses für Gesund
2026-07-10	Vizepräsident Bodo Ramelow		21/90	91	Tagesordnungspunkt 22d. Abstimmung über die Beschlussempfehlung des Ausschusses für Gesund
2026-07-10	Sepp Müller	CDU/CSU	21/90	91	Tagesordnungspunkt 22d. Abstimmung über die Beschlussempfehlung des Ausschusses für Gesund
2026-07-10	Danke. Lorenz Gösta Beutin	Die Linke	21/90	91	Tagesordnungspunkt 22d. Abstimmung über die Beschlussempfehlung des Ausschusses für Gesund
2026-07-10	Sepp Müller	CDU/CSU	21/90	91	Tagesordnungspunkt 22d. Abstimmung über die Beschlussempfehlung des Ausschusses für Gesund
2026-07-10	Vizepräsident Bodo Ramelow		21/90	93	Tagesordnungspunkt 22d. Abstimmung über die Beschlussempfehlung des Ausschusses für Gesund
2026-07-10	Sepp Müller	CDU/CSU	21/90	93	Tagesordnungspunkt 22d. Abstimmung über die Beschlussempfehlung des Ausschusses für Gesund
2026-07-10	Violetta Bock	Die Linke	21/90	93	Tagesordnungspunkt 22d. Abstimmung über die Beschlussempfehlung des Ausschusses für Gesund
2026-07-10	Sepp Müller	CDU/CSU	21/90	94	Tagesordnungspunkt 22d. Abstimmung über die Beschlussempfehlung des Ausschusses für Gesund
2026-07-10	Vizepräsident Bodo Ramelow		21/90	95	Tagesordnungspunkt 22d. Abstimmung über die Beschlussempfehlung des Ausschusses für Gesund
2026-07-10	Marc Bernhard	AfD	21/90	95	Tagesordnungspunkt 22d. Abstimmung über die Beschlussempfehlung des Ausschusses für Gesund
2026-07-10	Vizepräsident Bodo Ramelow		21/90	96	Tagesordnungspunkt 22d. Abstimmung über die Beschlussempfehlung des Ausschusses für Gesund
2026-07-10	Helmut Kleebank	SPD	21/90	100	Tagesordnungspunkt 22d. Abstimmung über die Beschlussempfehlung des Ausschusses für Gesund
2026-07-10	Vizepräsident Bodo Ramelow		21/90	100	Tagesordnungspunkt 22d. Abstimmung über die Beschlussempfehlung des Ausschusses für Gesund
2026-07-10	Helmut Kleebank	SPD	21/90	100	Tagesordnungspunkt 22d. Abstimmung über die Beschlussempfehlung des Ausschusses für Gesund
2026-07-10	Lisa Badum	BÜNDNIS 90/DIE GRÜNEN	21/90	100	Tagesordnungspunkt 22d. Abstimmung über die Beschlussempfehlung des Ausschusses für Gesund
2026-07-10	Helmut Kleebank	SPD	21/90	101	Tagesordnungspunkt 22d. Abstimmung über die Beschlussempfehlung des Ausschusses für Gesund
2026-07-10	Vizepräsident Bodo Ramelow		21/90	102	Tagesordnungspunkt 22d. Abstimmung über die Beschlussempfehlung des Ausschusses für Gesund
2026-07-10	Helmut Kleebank	SPD	21/90	102	Tagesordnungspunkt 22d. Abstimmung über die Beschlussempfehlung des Ausschusses für Gesund
2026-07-10	Dr. Paul Schmidt	AfD	21/90	102	Tagesordnungspunkt 22d. Abstimmung über die Beschlussempfehlung des Ausschusses für Gesund
2026-07-10	Helmut Kleebank	SPD	21/90	102	Tagesordnungspunkt 22d. Abstimmung über die Beschlussempfehlung des Ausschusses für Gesund
2026-07-10	Vizepräsident Bodo Ramelow		21/90	104	Tagesordnungspunkt 22d. Abstimmung über die Beschlussempfehlung des Ausschusses für Gesund
2026-07-10	Dr. Julia Verlinden	BÜNDNIS 90/DIE GRÜNEN	21/90	107	Tagesordnungspunkt 22d. Abstimmung über die Beschlussempfehlung des Ausschusses für Gesund
2026-07-10	Vizepräsident Bodo Ramelow		21/90	109	Tagesordnungspunkt 22d. Abstimmung über die Beschlussempfehlung des Ausschusses für Gesund
2026-07-10	Dr. Julia Verlinden	BÜNDNIS 90/DIE GRÜNEN	21/90	109	Tagesordnungspunkt 22d. Abstimmung über die Beschlussempfehlung des Ausschusses für Gesund
2026-07-10	Vizepräsident Bodo Ramelow		21/90	109	Tagesordnungspunkt 22d. Abstimmung über die Beschlussempfehlung des Ausschusses für Gesund
2026-07-10	Dr. Julia Verlinden	BÜNDNIS 90/DIE GRÜNEN	21/90	109	Tagesordnungspunkt 22d. Abstimmung über die Beschlussempfehlung des Ausschusses für Gesund
2026-07-10	Vizepräsident Bodo Ramelow		21/90	109	Tagesordnungspunkt 22d. Abstimmung über die Beschlussempfehlung des Ausschusses für Gesund
2026-07-10	Dr. Julia Verlinden	BÜNDNIS 90/DIE GRÜNEN	21/90	109	Tagesordnungspunkt 22d. Abstimmung über die Beschlussempfehlung des Ausschusses für Gesund
2026-07-10	Vizepräsident Bodo Ramelow		21/90	110	Tagesordnungspunkt 22d. Abstimmung über die Beschlussempfehlung des Ausschusses für Gesund
2026-07-10	Jörg Cezanne	Die Linke	21/90	110	Tagesordnungspunkt 22d. Abstimmung über die Beschlussempfehlung des Ausschusses für Gesund
2026-07-10	Vizepräsident Bodo Ramelow		21/90	111	Tagesordnungspunkt 22d. Abstimmung über die Beschlussempfehlung des Ausschusses für Gesund
2026-07-10	Dr. Andreas Lenz	CDU/CSU	21/90	111	Tagesordnungspunkt 22d. Abstimmung über die Beschlussempfehlung des Ausschusses für Gesund
2026-07-10	Vizepräsident Bodo Ramelow		21/90	112	Tagesordnungspunkt 22d. Abstimmung über die Beschlussempfehlung des Ausschusses für Gesund
2026-07-10	Dr. Andreas Lenz	CDU/CSU	21/90	112	Tagesordnungspunkt 22d. Abstimmung über die Beschlussempfehlung des Ausschusses für Gesund
2026-07-10	Vizepräsident Bodo Ramelow		21/90	112	Tagesordnungspunkt 22d. Abstimmung über die Beschlussempfehlung des Ausschusses für Gesund
2026-07-10	Dr. Malte Kaufmann	AfD	21/90	112	Tagesordnungspunkt 22d. Abstimmung über die Beschlussempfehlung des Ausschusses für Gesund
2026-07-10	Vizepräsidentin Josephine Ortleb		21/90	113	Tagesordnungspunkt 22d. Abstimmung über die Beschlussempfehlung des Ausschusses für Gesund
2026-07-10	Angelika Glöckner	SPD	21/90	113	Tagesordnungspunkt 22d. Abstimmung über die Beschlussempfehlung des Ausschusses für Gesund
2026-07-10	Vizepräsidentin Josephine Ortleb		21/90	114	Tagesordnungspunkt 22d. Abstimmung über die Beschlussempfehlung des Ausschusses für Gesund
2026-07-10	Lars Rohwer	CDU/CSU	21/90	114	Tagesordnungspunkt 22d. Abstimmung über die Beschlussempfehlung des Ausschusses für Gesund
2026-07-10	Vizepräsidentin Josephine Ortleb		21/90	115	Tagesordnungspunkt 22d. Abstimmung über die Beschlussempfehlung des Ausschusses für Gesund
2026-07-10	David Schliesing	Die Linke	21/90	117	Zusatzpunkt 29. Abstimmung über die Beschlussempfehlung des Ausschusses für Wirtschaft und
2026-07-10	Vizepräsidentin Josephine Ortleb		21/90	118	Zusatzpunkt 29. Abstimmung über die Beschlussempfehlung des Ausschusses für Wirtschaft und
2026-07-10	Michael Hose	CDU/CSU	21/90	118	Zusatzpunkt 29. Abstimmung über die Beschlussempfehlung des Ausschusses für Wirtschaft und
2026-07-10	Vizepräsidentin Josephine Ortleb		21/90	120	Zusatzpunkt 29. Abstimmung über die Beschlussempfehlung des Ausschusses für Wirtschaft und
2026-07-10	Gereon Bollmann	AfD	21/90	120	Zusatzpunkt 29. Abstimmung über die Beschlussempfehlung des Ausschusses für Wirtschaft und
2026-07-10	Vizepräsidentin Josephine Ortleb		21/90	121	Zusatzpunkt 29. Abstimmung über die Beschlussempfehlung des Ausschusses für Wirtschaft und
2026-07-10	Martin Rabanus	SPD	21/90	122	Zusatzpunkt 29. Abstimmung über die Beschlussempfehlung des Ausschusses für Wirtschaft und
2026-07-10	Vizepräsidentin Josephine Ortleb		21/90	123	Zusatzpunkt 29. Abstimmung über die Beschlussempfehlung des Ausschusses für Wirtschaft und
2026-07-10	Sven Lehmann	BÜNDNIS 90/DIE GRÜNEN	21/90	123	Zusatzpunkt 29. Abstimmung über die Beschlussempfehlung des Ausschusses für Wirtschaft und
2026-07-10	Vizepräsidentin Josephine Ortleb		21/90	124	Zusatzpunkt 29. Abstimmung über die Beschlussempfehlung des Ausschusses für Wirtschaft und
2026-07-10	Vizepräsidentin Josephine Ortleb		21/90	125	Zusatzpunkt 29. Abstimmung über die Beschlussempfehlung des Ausschusses für Wirtschaft und
2026-07-10	Sven Wendorf	AfD	21/90	126	Zusatzpunkt 29. Abstimmung über die Beschlussempfehlung des Ausschusses für Wirtschaft und
2026-07-10	Vizepräsidentin Josephine Ortleb		21/90	127	Zusatzpunkt 29. Abstimmung über die Beschlussempfehlung des Ausschusses für Wirtschaft und
2026-07-10	Aydan Özoğuz	SPD	21/90	127	Zusatzpunkt 29. Abstimmung über die Beschlussempfehlung des Ausschusses für Wirtschaft und
2026-07-10	Vizepräsidentin Josephine Ortleb		21/90	128	Zusatzpunkt 29. Abstimmung über die Beschlussempfehlung des Ausschusses für Wirtschaft und
2026-07-10	Aydan Özoğuz	SPD	21/90	128	Zusatzpunkt 29. Abstimmung über die Beschlussempfehlung des Ausschusses für Wirtschaft und
2026-07-10	Vizepräsidentin Josephine Ortleb		21/90	128	Zusatzpunkt 29. Abstimmung über die Beschlussempfehlung des Ausschusses für Wirtschaft und
2026-07-10	Claudia Roth	BÜNDNIS 90/DIE GRÜNEN	21/90	128	Zusatzpunkt 29. Abstimmung über die Beschlussempfehlung des Ausschusses für Wirtschaft und
2026-07-10	Vizepräsidentin Josephine Ortleb		21/90	129	Zusatzpunkt 29. Abstimmung über die Beschlussempfehlung des Ausschusses für Wirtschaft und
2026-07-10	Dr. Hendrik Hoppenstedt	CDU/CSU	21/90	134	Zusatzpunkt 20. Abstimmung über die Beschlussempfehlung des Auswärtigen Ausschusses zu dem
2026-07-10	Vizepräsidentin Josephine Ortleb		21/90	136	Zusatzpunkt 20. Abstimmung über die Beschlussempfehlung des Auswärtigen Ausschusses zu dem
2026-07-10	Stephan Brandner	AfD	21/90	136	Zusatzpunkt 20. Abstimmung über die Beschlussempfehlung des Auswärtigen Ausschusses zu dem
2026-07-10	Vizepräsidentin Josephine Ortleb		21/90	137	Zusatzpunkt 20. Abstimmung über die Beschlussempfehlung des Auswärtigen Ausschusses zu dem
2026-07-10	Dr. Johannes Fechner	SPD	21/90	137	Zusatzpunkt 20. Abstimmung über die Beschlussempfehlung des Auswärtigen Ausschusses zu dem
2026-07-10	Vizepräsidentin Josephine Ortleb		21/90	139	Zusatzpunkt 20. Abstimmung über die Beschlussempfehlung des Auswärtigen Ausschusses zu dem
2026-07-10	Helge Limburg	BÜNDNIS 90/DIE GRÜNEN	21/90	139	Zusatzpunkt 20. Abstimmung über die Beschlussempfehlung des Auswärtigen Ausschusses zu dem
2026-07-10	Vizepräsidentin Josephine Ortleb		21/90	141	Zusatzpunkt 20. Abstimmung über die Beschlussempfehlung des Auswärtigen Ausschusses zu dem
2026-07-10	Ina Latendorf	Die Linke	21/90	141	Zusatzpunkt 20. Abstimmung über die Beschlussempfehlung des Auswärtigen Ausschusses zu dem
2026-07-10	Vizepräsidentin Josephine Ortleb		21/90	142	Zusatzpunkt 20. Abstimmung über die Beschlussempfehlung des Auswärtigen Ausschusses zu dem
2026-07-10	Dr. Reinhard Brandl	CDU/CSU	21/90	142	Zusatzpunkt 20. Abstimmung über die Beschlussempfehlung des Auswärtigen Ausschusses zu dem
2026-07-10	Vizepräsidentin Josephine Ortleb		21/90	142	Zusatzpunkt 20. Abstimmung über die Beschlussempfehlung des Auswärtigen Ausschusses zu dem
2026-07-10	Dr. Reinhard Brandl	CDU/CSU	21/90	142	Zusatzpunkt 20. Abstimmung über die Beschlussempfehlung des Auswärtigen Ausschusses zu dem
2026-07-10	Vizepräsidentin Josephine Ortleb		21/90	143	Zusatzpunkt 20. Abstimmung über die Beschlussempfehlung des Auswärtigen Ausschusses zu dem
2026-07-10	Peter Bohnhof	AfD	21/90	143	Zusatzpunkt 20. Abstimmung über die Beschlussempfehlung des Auswärtigen Ausschusses zu dem
2026-07-10	Vizepräsidentin Josephine Ortleb		21/90	144	Zusatzpunkt 20. Abstimmung über die Beschlussempfehlung des Auswärtigen Ausschusses zu dem
2026-07-10	Tim Klüssendorf	SPD	21/90	144	Zusatzpunkt 20. Abstimmung über die Beschlussempfehlung des Auswärtigen Ausschusses zu dem
2026-07-10	Vizepräsidentin Josephine Ortleb		21/90	145	Zusatzpunkt 20. Abstimmung über die Beschlussempfehlung des Auswärtigen Ausschusses zu dem
2026-07-10	Jörn König	AfD	21/90	145	Zusatzpunkt 20. Abstimmung über die Beschlussempfehlung des Auswärtigen Ausschusses zu dem
2026-07-10	Vizepräsidentin Josephine Ortleb		21/90	146	Zusatzpunkt 20. Abstimmung über die Beschlussempfehlung des Auswärtigen Ausschusses zu dem
2026-07-10	Andrea Lindholz	CDU/CSU	21/90	146	Zusatzpunkt 20. Abstimmung über die Beschlussempfehlung des Auswärtigen Ausschusses zu dem
2026-07-10	Vizepräsidentin Josephine Ortleb		21/90	147	Zusatzpunkt 20. Abstimmung über die Beschlussempfehlung des Auswärtigen Ausschusses zu dem
2026-07-10	Dr. Anna Lührmann	BÜNDNIS 90/DIE GRÜNEN	21/90	149	Zusatzpunkt 19. Wir kommen nun zur Abstimmung über den Antrag der Fraktionen der CDU/CSU u
2026-07-10	Vizepräsidentin Josephine Ortleb		21/90	150	Zusatzpunkt 19. Wir kommen nun zur Abstimmung über den Antrag der Fraktionen der CDU/CSU u
2026-07-10	Dr. Konrad Körner	CDU/CSU	21/90	150	Zusatzpunkt 19. Wir kommen nun zur Abstimmung über den Antrag der Fraktionen der CDU/CSU u
2026-07-10	Vizepräsidentin Josephine Ortleb		21/90	152	Zusatzpunkt 19. Wir kommen nun zur Abstimmung über den Antrag der Fraktionen der CDU/CSU u
2026-07-10	Ronald Gläser	AfD	21/90	152	Zusatzpunkt 19. Wir kommen nun zur Abstimmung über den Antrag der Fraktionen der CDU/CSU u
2026-07-10	Vizepräsidentin Josephine Ortleb		21/90	154	Zusatzpunkt 19. Wir kommen nun zur Abstimmung über den Antrag der Fraktionen der CDU/CSU u
2026-07-10	Dr. Carolin Wagner	SPD	21/90	154	Zusatzpunkt 19. Wir kommen nun zur Abstimmung über den Antrag der Fraktionen der CDU/CSU u
2026-07-10	Vizepräsidentin Josephine Ortleb		21/90	155	Zusatzpunkt 19. Wir kommen nun zur Abstimmung über den Antrag der Fraktionen der CDU/CSU u
2026-07-10	Dr. Carolin Wagner	SPD	21/90	155	Zusatzpunkt 19. Wir kommen nun zur Abstimmung über den Antrag der Fraktionen der CDU/CSU u
2026-07-10	Vizepräsidentin Josephine Ortleb		21/90	155	Zusatzpunkt 19. Wir kommen nun zur Abstimmung über den Antrag der Fraktionen der CDU/CSU u
2026-07-10	Dr. Carolin Wagner	SPD	21/90	155	Zusatzpunkt 19. Wir kommen nun zur Abstimmung über den Antrag der Fraktionen der CDU/CSU u
2026-07-10	Vizepräsidentin Josephine Ortleb		21/90	155	Zusatzpunkt 19. Wir kommen nun zur Abstimmung über den Antrag der Fraktionen der CDU/CSU u
2026-07-10	Donata Vogtschmidt	Die Linke	21/90	155	Zusatzpunkt 19. Wir kommen nun zur Abstimmung über den Antrag der Fraktionen der CDU/CSU u
2026-07-10	Vizepräsidentin Josephine Ortleb		21/90	157	Zusatzpunkt 19. Wir kommen nun zur Abstimmung über den Antrag der Fraktionen der CDU/CSU u
2026-07-10	Vizepräsidentin Josephine Ortleb		21/90	159	Zusatzpunkt 19. Wir kommen nun zur Abstimmung über den Antrag der Fraktionen der CDU/CSU u
2026-07-10	Ruben Rupp	AfD	21/90	159	Zusatzpunkt 19. Wir kommen nun zur Abstimmung über den Antrag der Fraktionen der CDU/CSU u
2026-07-10	Vizepräsidentin Josephine Ortleb		21/90	160	Zusatzpunkt 19. Wir kommen nun zur Abstimmung über den Antrag der Fraktionen der CDU/CSU u
2026-07-10	Maja Wallstein	SPD	21/90	160	Zusatzpunkt 19. Wir kommen nun zur Abstimmung über den Antrag der Fraktionen der CDU/CSU u
2026-07-10	Vizepräsidentin Josephine Ortleb		21/90	161	Zusatzpunkt 19. Wir kommen nun zur Abstimmung über den Antrag der Fraktionen der CDU/CSU u
2026-07-10	Alexander Throm	CDU/CSU	21/90	162	Zusatzpunkt 19. Wir kommen nun zur Abstimmung über den Antrag der Fraktionen der CDU/CSU u
2026-07-10	Vizepräsident Omid Nouripour		21/90	163	Zusatzpunkt 19. Wir kommen nun zur Abstimmung über den Antrag der Fraktionen der CDU/CSU u
2026-07-10	Alexander Throm	CDU/CSU	21/90	163	Zusatzpunkt 19. Wir kommen nun zur Abstimmung über den Antrag der Fraktionen der CDU/CSU u
2026-07-10	Vizepräsident Omid Nouripour		21/90	163	Zusatzpunkt 19. Wir kommen nun zur Abstimmung über den Antrag der Fraktionen der CDU/CSU u
2026-07-10	Christopher Drößler	AfD	21/90	163	Zusatzpunkt 19. Wir kommen nun zur Abstimmung über den Antrag der Fraktionen der CDU/CSU u
2026-07-10	Vizepräsident Omid Nouripour		21/90	165	Zusatzpunkt 19. Wir kommen nun zur Abstimmung über den Antrag der Fraktionen der CDU/CSU u
2026-07-10	Sebastian Fiedler	SPD	21/90	165	Zusatzpunkt 19. Wir kommen nun zur Abstimmung über den Antrag der Fraktionen der CDU/CSU u
2026-07-10	Vizepräsident Omid Nouripour		21/90	167	Zusatzpunkt 19. Wir kommen nun zur Abstimmung über den Antrag der Fraktionen der CDU/CSU u
2026-07-10	Dr. Irene Mihalic	BÜNDNIS 90/DIE GRÜNEN	21/90	167	Zusatzpunkt 19. Wir kommen nun zur Abstimmung über den Antrag der Fraktionen der CDU/CSU u
2026-07-10	Vizepräsident Omid Nouripour		21/90	169	Zusatzpunkt 19. Wir kommen nun zur Abstimmung über den Antrag der Fraktionen der CDU/CSU u
2026-07-10	Dr. Irene Mihalic	BÜNDNIS 90/DIE GRÜNEN	21/90	169	Zusatzpunkt 19. Wir kommen nun zur Abstimmung über den Antrag der Fraktionen der CDU/CSU u
2026-07-10	Vizepräsident Omid Nouripour		21/90	169	Zusatzpunkt 19. Wir kommen nun zur Abstimmung über den Antrag der Fraktionen der CDU/CSU u
2026-07-10	Clara Bünger	Die Linke	21/90	169	Zusatzpunkt 19. Wir kommen nun zur Abstimmung über den Antrag der Fraktionen der CDU/CSU u
2026-07-10	Vizepräsident Omid Nouripour		21/90	170	Zusatzpunkt 19. Wir kommen nun zur Abstimmung über den Antrag der Fraktionen der CDU/CSU u
2026-07-10	Vizepräsident Omid Nouripour		21/90	172	Zusatzpunkt 19. Wir kommen nun zur Abstimmung über den Antrag der Fraktionen der CDU/CSU u
2026-07-10	Ingo Vogel	SPD	21/90	172	Zusatzpunkt 19. Wir kommen nun zur Abstimmung über den Antrag der Fraktionen der CDU/CSU u
2026-07-10	Vizepräsident Omid Nouripour		21/90	173	Zusatzpunkt 19. Wir kommen nun zur Abstimmung über den Antrag der Fraktionen der CDU/CSU u
2026-07-10	Josef Oster	CDU/CSU	21/90	173	Zusatzpunkt 19. Wir kommen nun zur Abstimmung über den Antrag der Fraktionen der CDU/CSU u
2026-07-10	Vizepräsident Omid Nouripour		21/90	174	Zusatzpunkt 19. Wir kommen nun zur Abstimmung über den Antrag der Fraktionen der CDU/CSU u
2026-07-10	Josef Oster	CDU/CSU	21/90	174	Zusatzpunkt 19. Wir kommen nun zur Abstimmung über den Antrag der Fraktionen der CDU/CSU u
2026-07-10	Vizepräsident Omid Nouripour		21/90	174	Zusatzpunkt 19. Wir kommen nun zur Abstimmung über den Antrag der Fraktionen der CDU/CSU u
2026-07-10	Josef Oster	CDU/CSU	21/90	174	Zusatzpunkt 19. Wir kommen nun zur Abstimmung über den Antrag der Fraktionen der CDU/CSU u
2026-07-10	Vizepräsident Omid Nouripour		21/90	174	Zusatzpunkt 19. Wir kommen nun zur Abstimmung über den Antrag der Fraktionen der CDU/CSU u
2026-07-10	Vizepräsident Omid Nouripour		21/90	178	Zusatzpunkt 21b. Der Ausschuss empfiehlt unter Buchstabe c seiner Beschlussempfehlung die 
2026-07-10	Vizepräsident Omid Nouripour		21/90	178	Zusatzpunkt 21b. Der Ausschuss empfiehlt unter Buchstabe c seiner Beschlussempfehlung die 
2026-07-10	Lars Schieske	AfD	21/90	178	Zusatzpunkt 21b. Der Ausschuss empfiehlt unter Buchstabe c seiner Beschlussempfehlung die 
2026-07-10	Vizepräsident Omid Nouripour		21/90	179	Zusatzpunkt 21b. Der Ausschuss empfiehlt unter Buchstabe c seiner Beschlussempfehlung die 
2026-07-10	Vielen Dank. Lars Schieske	AfD	21/90	179	Zusatzpunkt 21b. Der Ausschuss empfiehlt unter Buchstabe c seiner Beschlussempfehlung die 
2026-07-10	Vizepräsident Omid Nouripour		21/90	179	Zusatzpunkt 21b. Der Ausschuss empfiehlt unter Buchstabe c seiner Beschlussempfehlung die 
2026-07-10	Bettina Lugk	SPD	21/90	179	Zusatzpunkt 21b. Der Ausschuss empfiehlt unter Buchstabe c seiner Beschlussempfehlung die 
2026-07-10	Vizepräsident Omid Nouripour		21/90	180	Zusatzpunkt 21b. Der Ausschuss empfiehlt unter Buchstabe c seiner Beschlussempfehlung die 
2026-07-10	Bettina Lugk	SPD	21/90	181	Zusatzpunkt 21b. Der Ausschuss empfiehlt unter Buchstabe c seiner Beschlussempfehlung die 
2026-07-10	Vizepräsident Omid Nouripour		21/90	181	Zusatzpunkt 21b. Der Ausschuss empfiehlt unter Buchstabe c seiner Beschlussempfehlung die 
2026-07-10	Tina Winklmann	BÜNDNIS 90/DIE GRÜNEN	21/90	181	Zusatzpunkt 21b. Der Ausschuss empfiehlt unter Buchstabe c seiner Beschlussempfehlung die 
2026-07-10	Vizepräsident Omid Nouripour		21/90	183	Zusatzpunkt 21b. Der Ausschuss empfiehlt unter Buchstabe c seiner Beschlussempfehlung die 
2026-07-10	Jorrit Bosch	Die Linke	21/90	183	Zusatzpunkt 21b. Der Ausschuss empfiehlt unter Buchstabe c seiner Beschlussempfehlung die 
2026-07-10	Vizepräsident Omid Nouripour		21/90	184	Zusatzpunkt 21b. Der Ausschuss empfiehlt unter Buchstabe c seiner Beschlussempfehlung die 
2026-07-10	Vielen Dank. Jorrit Bosch	Die Linke	21/90	184	Zusatzpunkt 21b. Der Ausschuss empfiehlt unter Buchstabe c seiner Beschlussempfehlung die 
2026-07-10	Vizepräsident Omid Nouripour		21/90	184	Zusatzpunkt 21b. Der Ausschuss empfiehlt unter Buchstabe c seiner Beschlussempfehlung die 
2026-07-10	Thomas Korell	AfD	21/90	184	Zusatzpunkt 21b. Der Ausschuss empfiehlt unter Buchstabe c seiner Beschlussempfehlung die 
2026-07-10	Vizepräsident Omid Nouripour		21/90	185	Zusatzpunkt 21b. Der Ausschuss empfiehlt unter Buchstabe c seiner Beschlussempfehlung die 
2026-07-10	Thomas Korell	AfD	21/90	185	Zusatzpunkt 21b. Der Ausschuss empfiehlt unter Buchstabe c seiner Beschlussempfehlung die 
2026-07-10	Vizepräsident Omid Nouripour		21/90	185	Zusatzpunkt 21b. Der Ausschuss empfiehlt unter Buchstabe c seiner Beschlussempfehlung die 
2026-07-10	Jens Lehmann	CDU/CSU	21/90	185	Zusatzpunkt 21b. Der Ausschuss empfiehlt unter Buchstabe c seiner Beschlussempfehlung die 
2026-07-10	Vizepräsident Omid Nouripour		21/90	187	Zusatzpunkt 21b. Der Ausschuss empfiehlt unter Buchstabe c seiner Beschlussempfehlung die 
2026-07-10	Jörn König	AfD	21/90	187	Zusatzpunkt 21b. Der Ausschuss empfiehlt unter Buchstabe c seiner Beschlussempfehlung die 
2026-07-10	Vizepräsident Omid Nouripour		21/90	187	Zusatzpunkt 21b. Der Ausschuss empfiehlt unter Buchstabe c seiner Beschlussempfehlung die 
2026-07-10	Ricarda Lang	BÜNDNIS 90/DIE GRÜNEN	21/90	189	Zusatzpunkt 27. Abstimmung über die Beschlussempfehlung des Ausschusses für Sport und Ehre
2026-07-10	Vizepräsident Omid Nouripour		21/90	191	Zusatzpunkt 27. Abstimmung über die Beschlussempfehlung des Ausschusses für Sport und Ehre
2026-07-10	Vielen Dank. Ricarda Lang	BÜNDNIS 90/DIE GRÜNEN	21/90	191	Zusatzpunkt 27. Abstimmung über die Beschlussempfehlung des Ausschusses für Sport und Ehre
2026-07-10	Vizepräsident Omid Nouripour		21/90	191	Zusatzpunkt 27. Abstimmung über die Beschlussempfehlung des Ausschusses für Sport und Ehre
2026-07-10	Ricarda Lang	BÜNDNIS 90/DIE GRÜNEN	21/90	191	Zusatzpunkt 27. Abstimmung über die Beschlussempfehlung des Ausschusses für Sport und Ehre
2026-07-10	Vizepräsident Omid Nouripour		21/90	191	Zusatzpunkt 27. Abstimmung über die Beschlussempfehlung des Ausschusses für Sport und Ehre
2026-07-10	Ricarda Lang	BÜNDNIS 90/DIE GRÜNEN	21/90	191	Zusatzpunkt 27. Abstimmung über die Beschlussempfehlung des Ausschusses für Sport und Ehre
2026-07-10	Vizepräsident Omid Nouripour		21/90	191	Zusatzpunkt 27. Abstimmung über die Beschlussempfehlung des Ausschusses für Sport und Ehre
2026-07-10	Ricarda Lang	BÜNDNIS 90/DIE GRÜNEN	21/90	191	Zusatzpunkt 27. Abstimmung über die Beschlussempfehlung des Ausschusses für Sport und Ehre
2026-07-10	Vizepräsident Omid Nouripour		21/90	191	Zusatzpunkt 27. Abstimmung über die Beschlussempfehlung des Ausschusses für Sport und Ehre
2026-07-10	Ricarda Lang	BÜNDNIS 90/DIE GRÜNEN	21/90	191	Zusatzpunkt 27. Abstimmung über die Beschlussempfehlung des Ausschusses für Sport und Ehre
2026-07-10	Vizepräsident Omid Nouripour		21/90	191	Zusatzpunkt 27. Abstimmung über die Beschlussempfehlung des Ausschusses für Sport und Ehre
2026-07-10	Simone Borchardt	CDU/CSU	21/90	191	Zusatzpunkt 27. Abstimmung über die Beschlussempfehlung des Ausschusses für Sport und Ehre
2026-07-10	Vizepräsident Omid Nouripour		21/90	193	Zusatzpunkt 27. Abstimmung über die Beschlussempfehlung des Ausschusses für Sport und Ehre
2026-07-10	Martin Sichert	AfD	21/90	193	Zusatzpunkt 27. Abstimmung über die Beschlussempfehlung des Ausschusses für Sport und Ehre
2026-07-10	Vizepräsident Omid Nouripour		21/90	195	Zusatzpunkt 27. Abstimmung über die Beschlussempfehlung des Ausschusses für Sport und Ehre
2026-07-10	Jan Dieren	SPD	21/90	195	Zusatzpunkt 27. Abstimmung über die Beschlussempfehlung des Ausschusses für Sport und Ehre
2026-07-10	Vizepräsident Omid Nouripour		21/90	197	Zusatzpunkt 27. Abstimmung über die Beschlussempfehlung des Ausschusses für Sport und Ehre
2026-07-10	Vielen Dank. Jan Dieren	SPD	21/90	197	Zusatzpunkt 27. Abstimmung über die Beschlussempfehlung des Ausschusses für Sport und Ehre
2026-07-10	Vizepräsident Omid Nouripour		21/90	197	Zusatzpunkt 27. Abstimmung über die Beschlussempfehlung des Ausschusses für Sport und Ehre
2026-07-10	Julia-Christina Stange	Die Linke	21/90	197	Zusatzpunkt 27. Abstimmung über die Beschlussempfehlung des Ausschusses für Sport und Ehre
2026-07-10	Vizepräsident Omid Nouripour		21/90	199	Zusatzpunkt 27. Abstimmung über die Beschlussempfehlung des Ausschusses für Sport und Ehre
2026-07-10	Marc Biadacz	CDU/CSU	21/90	199	Zusatzpunkt 27. Abstimmung über die Beschlussempfehlung des Ausschusses für Sport und Ehre
2026-07-10	Vizepräsident Omid Nouripour		21/90	201	Zusatzpunkt 27. Abstimmung über die Beschlussempfehlung des Ausschusses für Sport und Ehre
2026-07-10	Peter Bohnhof	AfD	21/90	204	Zusatzpunkt 27. Abstimmung über die Beschlussempfehlung des Ausschusses für Sport und Ehre
2026-07-10	Vizepräsident Omid Nouripour		21/90	205	Zusatzpunkt 27. Abstimmung über die Beschlussempfehlung des Ausschusses für Sport und Ehre
2026-07-10	Felix Banaszak	BÜNDNIS 90/DIE GRÜNEN	21/90	206	Zusatzpunkt 27. Abstimmung über die Beschlussempfehlung des Ausschusses für Sport und Ehre
2026-07-10	Vizepräsident Omid Nouripour		21/90	208	Zusatzpunkt 27. Abstimmung über die Beschlussempfehlung des Ausschusses für Sport und Ehre
2026-07-10	Hans-Jürgen Goßner	AfD	21/90	208	Zusatzpunkt 27. Abstimmung über die Beschlussempfehlung des Ausschusses für Sport und Ehre
2026-07-10	Vizepräsident Omid Nouripour		21/90	209	Zusatzpunkt 27. Abstimmung über die Beschlussempfehlung des Ausschusses für Sport und Ehre
2026-07-10	Dr. Hülya Düber	CDU/CSU	21/90	209	Zusatzpunkt 27. Abstimmung über die Beschlussempfehlung des Ausschusses für Sport und Ehre
2026-07-10	Vizepräsident Omid Nouripour		21/90	212	Zusatzpunkt 27. Abstimmung über die Beschlussempfehlung des Ausschusses für Sport und Ehre
2026-07-10	Sabine Dittmar	SPD	21/90	213	Zusatzpunkt 27. Abstimmung über die Beschlussempfehlung des Ausschusses für Sport und Ehre
2026-07-10	Martina Englhardt-Kopf	CDU/CSU	21/90	213	Zusatzpunkt 27. Abstimmung über die Beschlussempfehlung des Ausschusses für Sport und Ehre
2026-07-10	Axel Knoerig	CDU/CSU	21/90	214	Zusatzpunkt 27. Abstimmung über die Beschlussempfehlung des Ausschusses für Sport und Ehre
2026-07-10	Hans Koller	CDU/CSU	21/90	214	Zusatzpunkt 27. Abstimmung über die Beschlussempfehlung des Ausschusses für Sport und Ehre
2026-07-10	Dr. Andreas Lenz	CDU/CSU	21/90	215	Zusatzpunkt 27. Abstimmung über die Beschlussempfehlung des Ausschusses für Sport und Ehre
2026-07-10	Christina Stumpp	CDU/CSU	21/90	216	Zusatzpunkt 27. Abstimmung über die Beschlussempfehlung des Ausschusses für Sport und Ehre
2026-07-10	Vivian Tauschwitz	CDU/CSU	21/90	217	Zusatzpunkt 27. Abstimmung über die Beschlussempfehlung des Ausschusses für Sport und Ehre
2026-07-10	Kai Whittaker	CDU/CSU	21/90	218	Zusatzpunkt 27. Abstimmung über die Beschlussempfehlung des Ausschusses für Sport und Ehre
2026-07-10	Klaus-Peter Willsch	CDU/CSU	21/90	219	Zusatzpunkt 27. Abstimmung über die Beschlussempfehlung des Ausschusses für Sport und Ehre
2026-07-10	Vanessa Zobel	CDU/CSU	21/90	220	Zusatzpunkt 27. Abstimmung über die Beschlussempfehlung des Ausschusses für Sport und Ehre
2026-07-10	Jakob Blankenburg	SPD	21/90	222	Zusatzpunkt 27. Abstimmung über die Beschlussempfehlung des Ausschusses für Sport und Ehre
2026-07-10	Violetta Bock	Die Linke	21/90	223	Zusatzpunkt 27. Abstimmung über die Beschlussempfehlung des Ausschusses für Sport und Ehre
2026-07-10	Jörg Cezanne	Die Linke	21/90	224	Zusatzpunkt 27. Abstimmung über die Beschlussempfehlung des Ausschusses für Sport und Ehre
2026-07-10	Elisabeth Winkelmeier-Becker	CDU/CSU	21/90	225	Zusatzpunkt 27. Abstimmung über die Beschlussempfehlung des Ausschusses für Sport und Ehre
2026-07-10	Dr. Stefan Nacke	CDU/CSU	21/90	226	Zusatzpunkt 27. Abstimmung über die Beschlussempfehlung des Ausschusses für Sport und Ehre
2026-07-10	Dr. Tanja Machalet	SPD	21/90	228	Zusatzpunkt 27. Abstimmung über die Beschlussempfehlung des Ausschusses für Sport und Ehre
